Student,Gender,Skill level,Week 1 quiz,Week 2 quiz,Week 3 quiz,Week 4 quiz,Week 5 quiz,Week 6 quiz,Week 7 quiz,Week 8 quiz,Week 9 quiz,Week 10 quiz,Week 11 quiz,Week 12 quiz,Week 13 quiz,Week 14 quiz,Week 15 quiz,Week 16 quiz,Week 1 homework,Week 2 homework,Week 3 homework,Week 4 homework,Week 5 homework,Week 7 homework,Week 8 homework,Week 9 homework,Week 10 homework,Week 11 homework,Week 13 homework,Week 14 homework,Week 15 homework,Score,Grade
S001,F,Novice,5,4,8,4,6,3,4,3,1,1,3,1,2,1,1,1,2,1,1,1,1,1,1,4,4,1,1,1,1,56.11,E
S002,M,Proficient,3,5,2,1,1,1,1,1,1,1,1,1,1,0,0,0,1,6,1,1,1,11,0,1,3,1,0,0,0,60.18,D
S003,F,Proficient,3,10,4,5,3,2,2,2,3,6,8,3,2,3,2,1,1,6,2,1,14,12,18,11,9,3,2,4,11,86.53,B
S004,F,Novice,3,1,1,2,2,3,1,2,2,2,1,1,1,1,0,0,1,1,1,3,6,0,0,0,0,0,2,0,0,49.87,F
S005,F,Intermediate,6,5,2,1,1,3,1,2,1,1,1,1,1,0,0,0,1,3,3,4,3,2,4,5,4,4,1,0,0,66.24,F
S006,M,Intermediate,2,3,3,3,2,1,1,1,0,1,1,1,1,1,1,1,1,19,2,6,1,5,4,3,1,2,1,4,9,97.87,A
S007,M,Intermediate,2,3,4,6,2,3,3,1,3,3,1,0,2,1,0,3,1,2,1,9,6,3,5,2,7,1,2,3,7,98.73,A
S008,F,Novice,1,2,4,3,3,2,2,2,2,1,1,3,1,2,1,2,1,1,4,12,2,6,6,1,3,5,2,1,5,98.7,A
S009,M,Proficient,2,2,2,3,4,2,2,3,2,1,2,1,1,1,1,1,1,1,2,9,3,4,1,1,2,2,4,3,0,99.7,A
S010,M,Intermediate,0,0,0,1,2,0,0,0,0,0,0,0,0,0,0,0,1,8,0,1,1,0,0,0,0,0,0,0,0,7.65,F
S011,M,Proficient,1,1,0,1,0,1,2,0,0,0,1,3,1,1,1,1,1,1,0,4,6,17,1,3,3,1,1,1,0,94.38,A
S012,F,-,6,4,4,4,2,4,2,3,2,3,2,4,3,2,2,4,1,1,2,4,2,4,8,3,7,1,3,4,8,79.65,C
S013,M,Beginner,3,2,2,3,1,1,1,1,1,1,1,2,1,1,1,1,1,4,1,3,3,5,12,2,3,1,1,3,4,96.81,A
S014,F,Novice,1,0,2,1,2,1,1,2,1,3,2,0,0,0,0,0,1,0,1,1,1,0,1,0,1,1,1,1,0,28.14,F
S015,F,Beginner,1,3,2,3,2,4,1,1,1,1,1,2,1,0,1,1,1,3,1,2,1,2,1,2,1,1,2,0,1,91.49,A
S016,M,Proficient,3,2,1,1,3,1,1,1,1,0,1,1,1,1,1,0,1,4,1,1,1,1,1,1,3,0,1,1,0,89.67,B
S017,M,Beginner,3,7,3,3,2,3,2,1,1,4,2,2,1,1,1,1,1,12,7,8,3,11,13,6,5,2,2,5,8,97.35,A
S018,F,Novice,3,3,8,3,9,6,2,1,2,3,2,4,4,3,3,1,2,11,8,11,10,9,2,5,14,6,1,1,1,82.75,B
S019,M,Proficient,4,2,7,4,2,3,9,4,3,5,2,1,2,2,1,1,1,7,7,14,11,8,11,3,9,4,8,2,2,86.85,B
S020,F,Novice,1,7,3,5,1,8,3,4,3,5,3,1,2,1,2,1,1,1,4,1,4,5,14,7,10,5,2,2,3,95.23,A
S021,M,Intermediate,2,2,2,2,1,3,1,2,1,1,2,1,2,1,1,1,1,1,1,1,1,2,1,2,1,1,1,0,0,65.31,D
S022,M,Proficient,2,2,3,5,6,2,1,2,3,3,2,1,1,1,1,2,1,1,1,1,2,3,2,3,3,1,1,6,2,108.55,A
S023,M,Proficient,3,4,1,2,1,1,1,0,0,1,0,1,1,0,0,0,1,5,1,3,1,3,0,0,1,0,0,0,0,95.62,A
S024,M,Proficient,4,4,7,4,1,3,4,1,3,2,1,1,1,1,3,2,1,4,2,3,4,1,10,3,7,1,3,4,6,100.6,A
S025,M,Intermediate,1,4,1,4,2,2,2,0,2,1,1,1,1,0,0,2,1,3,1,2,4,3,8,4,4,0,2,0,0,82.72,B
S026,F,Intermediate,2,2,5,5,5,3,2,3,3,2,3,3,2,3,2,1,1,2,4,4,8,5,7,5,4,3,2,1,2,90.5,A
S027,M,Intermediate,3,2,4,4,3,3,2,2,2,2,2,2,1,2,4,1,1,1,9,8,8,3,22,14,7,15,0,4,7,101.85,A
S028,M,Intermediate,2,2,2,3,1,1,1,2,2,1,1,1,1,1,1,1,1,1,1,2,2,4,2,3,3,3,1,3,3,105.9,A
S029,M,Proficient,4,1,0,0,0,0,0,0,0,0,0,0,0,0,0,0,1,5,0,0,0,0,0,0,0,0,0,0,0,95,A
S030,F,Expert,4,5,5,6,3,3,2,1,1,1,1,4,1,3,1,2,2,7,5,13,5,8,5,2,8,4,3,1,0,93.17,A
S031,M,Proficient,1,3,1,1,1,0,1,1,1,0,1,1,1,1,1,1,1,11,0,3,4,3,9,4,4,0,1,0,5,94.46,A
S032,F,-,3,3,0,1,1,1,1,1,5,3,1,1,1,0,0,0,1,4,1,0,8,9,0,3,9,1,1,0,0,77.65,C
S033,M,Intermediate,4,1,1,1,2,1,1,1,2,1,1,1,1,1,1,1,1,12,1,8,4,12,17,29,8,0,1,2,0,95.37,A
S034,M,Intermediate,4,2,3,2,1,1,1,2,2,1,1,1,3,1,0,0,1,2,2,2,1,1,2,2,1,0,1,1,0,96.31,A
S035,F,Beginner,2,4,4,3,2,2,2,1,1,2,1,1,1,1,0,0,1,2,3,19,10,5,6,3,11,0,0,0,0,89.31,B
S036,M,Novice,1,4,5,4,3,4,1,2,2,1,2,1,1,1,3,1,1,9,6,4,16,0,6,0,0,0,0,0,0,57.08,E
S037,F,Expert,1,2,3,3,1,2,1,1,3,1,2,1,1,1,1,2,1,3,1,5,1,3,5,6,3,1,2,2,4,108.4,A
S038,F,Intermediate,1,5,1,3,1,2,1,3,2,1,1,1,2,1,0,0,1,4,2,1,3,2,3,0,2,1,1,1,0,52.39,F
S039,F,Novice,2,4,6,5,3,2,1,2,2,2,3,2,1,1,0,0,1,1,1,1,2,10,8,0,4,2,0,1,0,67.62,D
S040,M,Intermediate,3,4,3,1,2,4,2,2,3,3,2,4,4,3,3,7,1,3,4,11,13,7,8,7,6,3,2,3,5,78.19,C
S041,M,Proficient,0,2,2,3,1,1,1,1,3,2,1,2,1,1,1,1,0,1,1,8,1,2,7,1,4,1,2,2,6,98.9,A
S042,M,Expert,3,0,0,0,0,0,0,0,0,0,0,0,0,0,0,0,1,0,0,0,0,0,0,0,0,0,0,0,0,95,A
S043,F,Intermediate,2,2,3,4,6,3,1,0,0,0,0,0,0,0,0,0,1,2,4,1,3,0,0,0,0,0,0,0,0,8.86,F
S044,F,-,3,0,8,5,0,3,1,1,1,2,2,1,0,0,0,0,1,0,1,0,0,0,0,0,1,0,0,0,2,61.81,D
S045,F,-,0,3,6,4,3,7,3,3,2,2,4,3,3,2,3,1,1,3,1,10,2,4,9,5,2,1,2,7,8,95,A
S046,M,Expert,0,1,1,1,1,1,1,1,1,1,1,1,1,1,1,1,0,0,1,1,1,1,1,2,1,1,1,1,1,101.59,A
S047,M,Proficient,2,1,1,1,1,1,1,1,1,2,1,2,1,1,1,1,1,1,1,1,4,4,2,1,3,1,4,4,0,96.7,A
S048,F,Proficient,3,4,4,4,4,3,1,1,2,1,2,1,3,1,7,1,1,2,1,0,1,1,0,1,4,1,2,0,1,85.69,B
S049,F,Proficient,3,4,3,3,3,4,4,2,3,1,3,2,2,4,2,1,4,2,1,3,4,8,1,1,6,1,1,1,1,89.3,B
S050,M,Novice,4,11,2,1,2,0,3,3,2,1,1,0,0,0,0,0,1,0,1,0,0,1,0,0,0,0,0,0,0,18.24,F
S051,M,Proficient,1,4,0,0,0,0,0,0,0,0,0,0,0,0,0,0,1,2,0,0,0,0,0,0,0,0,0,0,0,100,A
S052,M,Proficient,1,1,0,0,0,0,0,0,0,0,0,0,0,0,0,0,2,4,0,0,0,0,0,0,0,0,0,0,0,96,A
S053,F,Novice,0,5,1,1,2,5,2,1,2,1,1,2,1,1,1,1,1,1,1,1,1,1,3,2,2,0,1,1,0,54.5,E
S054,M,Intermediate,4,6,4,2,3,5,3,1,5,1,1,1,1,1,1,1,1,2,1,2,3,4,3,3,6,2,1,1,2,96.41,A
S055,F,Novice,3,1,1,2,1,1,3,3,2,3,1,3,1,1,3,1,1,5,1,1,2,1,7,4,5,1,1,1,1,67.75,D
S056,M,Beginner,1,1,1,1,1,1,1,1,1,1,1,0,0,1,1,1,1,9,1,10,1,3,13,3,1,2,0,4,6,91.71,A
S057,M,Expert,1,0,0,0,0,0,0,0,0,0,0,0,0,0,0,0,1,0,0,0,0,0,0,0,0,0,0,0,0,95,A
S058,M,Proficient,2,3,3,3,2,1,1,1,3,1,2,2,1,1,2,1,1,3,2,7,3,3,2,5,2,3,3,1,7,99.35,A
S059,M,Beginner,2,3,1,1,2,1,1,1,2,0,0,0,0,0,0,0,1,7,3,0,1,15,7,3,0,0,0,0,0,29.85,F
S060,M,Proficient,4,5,5,4,2,1,2,3,3,2,3,1,1,1,1,1,2,6,3,3,8,2,2,2,11,3,1,1,7,101.95,A
S061,F,Novice,7,1,7,1,3,3,5,3,4,1,4,1,2,1,1,1,1,13,12,2,3,44,2,1,1,5,1,1,2,82.35,B
S062,M,Novice,4,2,2,1,2,1,1,1,1,1,1,1,1,1,1,1,1,2,2,4,4,4,0,4,1,0,2,0,0,72.12,C
S063,M,-,0,0,0,0,0,0,0,0,0,0,0,0,0,0,0,0,0,0,0,0,0,0,0,0,0,0,0,0,0,-,F
S064,M,Beginner,2,2,2,1,1,3,1,1,1,1,4,1,1,3,1,1,4,5,13,8,3,5,6,3,9,4,3,5,12,80.15,B
S065,M,Beginner,0,2,1,1,1,1,1,1,1,1,1,1,1,1,1,0,1,1,1,3,3,7,11,7,8,0,0,1,0,91.72,A
S066,F,Intermediate,2,2,2,1,1,2,2,1,1,1,1,1,1,1,1,1,2,2,1,3,2,2,6,6,1,1,2,2,2,99.8,A
S067,M,Intermediate,2,4,4,1,1,4,3,1,2,2,2,2,1,1,1,1,1,1,1,1,8,5,6,7,5,3,1,3,0,84.2,B
S068,M,Proficient,0,1,6,4,4,1,1,1,1,1,1,1,1,2,1,0,1,3,3,3,6,8,14,24,4,4,3,5,22,95.73,A
S069,M,Expert,3,1,2,2,2,1,1,1,1,1,1,1,1,1,1,1,1,5,1,1,3,7,20,2,8,1,3,2,5,106.85,A
S070,M,Intermediate,4,2,1,2,1,2,1,1,2,1,1,0,1,0,0,0,0,12,0,1,1,1,12,2,1,0,0,0,0,63.09,D
S071,F,Intermediate,5,3,13,10,10,8,2,3,4,3,8,6,6,13,10,3,2,3,3,3,5,4,3,6,3,1,1,1,6,95.1,A
S072,M,Beginner,3,11,7,3,5,3,2,2,3,3,2,4,2,1,2,1,2,12,7,8,11,6,31,2,10,3,1,5,14,86.35,B
S073,F,Novice,1,8,12,5,3,4,3,3,2,1,1,2,2,1,3,1,6,10,50,0,0,9,10,7,6,0,1,0,0,86,B
S074,M,-,0,0,0,0,0,0,0,0,0,0,0,0,0,0,0,0,1,0,0,0,0,0,0,0,0,0,0,0,0,100,A
S075,M,Beginner,1,5,5,3,1,2,2,1,2,1,1,1,1,2,1,1,1,3,1,3,3,5,4,3,4,1,2,1,6,110,A
S076,F,Intermediate,3,1,2,4,3,1,1,1,1,1,4,1,3,2,2,1,1,1,2,3,3,5,3,4,2,2,3,0,2,72.1,C
S077,F,Beginner,5,6,4,3,3,4,1,1,1,1,1,1,1,1,0,2,2,2,1,2,6,3,3,0,0,0,1,0,0,86.5,B
S078,M,Intermediate,4,2,3,1,3,3,2,1,1,2,1,1,0,0,0,0,1,5,4,0,4,0,4,5,0,5,0,0,0,82.09,B
S079,M,Beginner,4,1,1,2,1,1,1,1,1,1,1,1,1,1,1,1,1,3,1,5,3,0,0,0,0,0,0,1,0,93.75,A
S080,F,Proficient,6,3,6,3,3,4,1,1,1,1,1,2,1,1,1,1,1,15,1,10,2,6,8,4,10,1,3,5,1,97.6,A
S081,M,Proficient,1,4,0,0,0,0,0,0,0,0,0,0,0,0,0,0,1,4,0,0,0,0,0,0,0,0,0,0,0,96,A
S082,F,Proficient,1,2,2,4,3,2,1,3,2,5,3,5,2,1,2,2,1,8,1,3,3,2,2,3,4,1,1,1,4,91.84,A
S083,M,Novice,3,5,1,1,1,2,2,2,2,2,1,0,1,1,2,1,1,8,4,9,1,5,8,6,1,6,4,4,3,96.75,A
S084,M,Proficient,5,3,2,1,3,2,1,1,1,1,0,0,0,1,0,0,1,4,1,5,6,6,11,15,8,0,0,0,6,81.5,B
S085,M,Intermediate,4,2,6,6,3,7,1,1,2,5,1,1,2,2,1,1,1,14,8,20,16,7,3,4,9,2,4,2,0,81.4,B
S086,M,Proficient,1,1,2,0,1,1,1,3,1,1,1,1,1,0,1,0,1,4,2,3,2,7,1,2,4,1,3,0,2,101.04,A
S087,F,Beginner,3,5,6,5,5,4,5,2,2,3,1,1,1,2,2,2,2,86,51,45,18,10,6,2,7,6,3,5,6,86.6,B
S088,M,Intermediate,5,6,8,6,5,0,1,2,3,1,2,2,2,1,0,0,1,4,10,2,9,5,5,4,6,1,1,1,11,91.72,A
S089,F,Beginner,4,3,7,5,3,3,6,2,3,2,1,1,3,2,3,1,2,8,1,7,3,4,2,5,14,3,2,0,1,92.12,A
S090,M,Intermediate,2,2,2,1,1,1,1,1,1,1,1,1,1,1,1,1,1,3,3,7,2,1,2,2,3,1,1,1,5,101.2,A
S091,M,Novice,1,3,5,2,3,3,2,1,1,1,1,1,1,1,1,0,1,2,1,2,2,1,6,4,2,2,2,0,3,85.03,B
S092,M,Proficient,1,0,0,0,0,0,0,0,0,0,0,0,0,0,0,0,1,0,0,0,0,0,0,0,0,0,0,0,0,100,A
S093,M,Expert,5,3,0,0,0,0,0,0,0,0,0,0,0,0,0,0,1,7,0,0,0,0,0,0,0,0,0,0,0,99,A
S094,M,Intermediate,3,2,5,5,3,2,1,2,1,1,1,1,1,1,3,1,1,1,1,2,6,3,8,3,2,1,2,1,14,82.2,B
S095,M,Novice,3,2,2,1,1,1,3,3,2,2,1,1,2,2,1,2,1,1,1,1,1,1,1,1,1,2,3,3,14,69.17,D
S096,M,Beginner,0,0,1,0,1,0,2,2,0,0,0,0,0,0,0,0,0,0,0,0,0,0,0,0,0,0,0,0,0,17.35,F
S097,M,-,1,2,2,1,1,1,1,1,1,1,1,2,1,1,1,1,1,7,2,2,0,1,4,3,3,1,1,2,3,97.36,A
S098,M,Novice,0,1,5,2,2,2,1,2,1,2,1,0,1,1,1,1,1,9,1,2,1,1,6,1,1,1,3,1,1,74.07,C
S099,F,Novice,3,3,2,1,1,1,0,0,0,0,0,0,0,0,0,0,1,1,2,1,1,0,0,0,0,0,0,0,0,5.94,F
S100,M,Intermediate,0,1,3,1,1,1,1,1,0,1,0,1,1,1,1,1,0,1,1,1,1,2,4,2,3,3,1,1,1,86,B
S101,M,Proficient,3,1,2,3,1,2,1,1,1,4,1,2,1,1,2,1,1,3,2,1,3,1,1,2,1,2,1,1,1,76.73,C
S102,M,Novice,5,7,5,4,4,6,3,3,5,4,4,3,3,2,4,3,1,15,2,5,4,13,10,3,4,9,3,8,9,98.6,A
S103,M,Proficient,3,3,2,3,3,2,1,1,1,1,1,1,1,3,1,1,2,2,2,2,1,3,2,2,1,1,2,1,5,99.4,A
S104,F,Intermediate,2,1,4,4,2,3,1,1,1,1,1,2,1,1,2,1,1,1,6,13,6,3,0,8,2,3,1,1,0,74.4,C
S105,M,Intermediate,2,2,3,2,3,4,2,2,3,1,1,2,3,1,1,1,1,1,1,1,4,2,0,1,2,1,2,0,0,57.7,F
S106,F,Proficient,3,3,4,4,4,3,1,2,2,1,1,2,1,1,3,1,1,4,1,9,8,5,11,7,0,0,6,0,0,84.45,B
S107,M,-,1,2,2,3,4,4,2,2,4,4,2,2,3,2,1,0,1,2,12,6,19,2,18,13,8,5,5,0,0,41.6,F
S108,F,Novice,3,2,4,3,5,3,2,4,4,1,1,5,1,1,1,1,1,7,3,2,5,6,4,6,4,4,2,4,6,88.6,B
S109,F,Novice,2,3,9,3,3,5,2,2,4,1,3,3,1,1,3,6,1,1,1,6,3,4,11,4,8,2,1,4,14,102.05,A
S110,M,Intermediate,1,1,1,1,1,1,1,1,2,1,1,1,1,0,0,0,3,1,2,3,7,5,2,0,0,0,1,0,0,87.6,B
S111,M,Intermediate,1,3,3,3,1,2,1,2,2,1,3,1,2,1,1,2,1,3,4,4,6,2,0,6,12,3,1,1,2,64.76,D
S112,M,Proficient,1,4,5,7,5,2,1,1,1,1,1,1,1,1,1,1,3,9,3,6,10,5,10,11,5,4,1,6,8,102.9,A
S113,M,-,1,2,5,3,3,7,1,1,2,2,2,1,1,2,2,1,1,4,8,6,5,7,32,6,5,3,2,1,2,97.65,A
S114,F,Novice,2,2,5,5,3,4,2,3,3,5,4,1,4,4,5,4,1,48,4,8,6,1,4,7,3,4,1,7,7,94.05,A
S115,M,Proficient,1,2,1,1,1,1,1,1,1,1,1,0,1,0,0,1,1,1,1,3,1,2,3,0,6,0,0,1,0,82.15,B
S116,M,Intermediate,3,4,5,4,3,1,2,1,1,4,1,2,2,1,1,1,1,8,2,5,8,4,8,11,2,0,0,3,0,45.27,F
S117,M,Intermediate,3,2,3,2,1,2,1,1,1,1,1,0,1,1,1,0,2,7,2,1,6,5,14,4,4,1,5,0,1,94.25,A
S118,M,Beginner,3,5,6,6,3,3,1,3,2,2,6,1,3,1,1,6,1,5,2,4,3,0,3,5,6,7,1,0,2,77.4,C
S119,F,Beginner,2,2,2,2,2,1,3,4,4,6,2,2,2,2,1,0,1,25,24,15,1,7,1,5,14,3,0,0,0,76.16,C
S120,M,Beginner,2,4,3,4,2,9,2,1,1,3,3,2,1,2,3,3,1,3,2,4,7,4,4,6,4,2,1,8,7,98.45,A
S121,M,Intermediate,1,4,4,2,3,1,1,1,1,1,1,1,1,1,0,1,2,1,1,1,2,0,4,2,4,0,1,1,0,92.51,A
S122,M,-,0,0,1,0,1,1,1,1,1,1,1,0,0,1,0,1,1,0,0,0,1,0,0,0,0,0,0,0,0,3.04,F
S123,F,Proficient,2,4,2,2,2,2,2,4,2,2,2,2,1,1,1,1,1,3,1,1,1,5,2,2,0,0,1,1,0,63.3,D
S124,F,Intermediate,2,1,2,2,1,5,1,2,1,2,2,2,1,1,1,1,1,1,1,1,4,3,3,0,1,1,1,0,0,93.95,A
S125,M,-,1,3,3,3,2,0,1,2,1,0,1,2,1,2,1,0,1,11,1,1,1,2,4,5,0,1,0,1,0,38.67,F
S126,M,Intermediate,1,3,4,5,1,2,1,2,1,1,1,2,2,1,1,2,1,4,1,4,2,2,6,7,3,2,2,3,3,85.7,B
S127,F,-,0,0,0,0,0,0,0,0,0,0,0,0,0,0,0,0,0,0,0,0,0,0,0,0,0,0,0,0,0,-,F
S128,M,Proficient,3,4,3,4,2,3,3,1,1,3,3,3,1,1,6,3,1,3,2,2,3,3,4,3,4,1,4,4,7,98.8,A
S129,M,Proficient,3,2,4,3,1,1,1,1,1,2,1,1,1,1,1,1,1,4,7,16,4,6,4,9,16,3,5,7,13,94.07,A
S130,M,Intermediate,1,2,2,1,2,1,1,1,1,1,1,2,1,1,1,1,1,6,2,1,3,2,1,1,2,1,3,0,1,102.8,A
S131,M,Intermediate,0,2,4,2,4,3,1,1,8,5,4,2,1,2,7,2,0,4,22,12,6,5,4,0,1,0,1,0,1,62.14,D
S132,M,Expert,2,1,0,0,0,0,0,0,0,0,0,0,0,0,0,0,2,2,0,0,0,0,0,0,0,0,0,0,0,98,A
S133,M,Intermediate,4,3,1,2,1,2,1,1,1,1,1,1,2,1,1,1,2,3,3,5,9,2,3,6,4,1,6,10,4,100.3,A
S134,F,Novice,4,11,8,5,5,3,6,2,4,3,3,5,3,1,3,1,1,1,1,1,6,0,21,8,4,6,4,0,0,60.71,D
S135,M,-,1,0,1,0,0,0,0,0,0,0,0,0,0,0,0,0,1,0,2,0,0,0,0,0,0,0,0,0,0,12.9,F
S136,F,Intermediate,3,4,2,2,3,2,1,1,1,1,1,0,3,3,2,1,1,1,1,1,7,6,3,1,1,3,1,1,3,88.93,B
S137,M,Beginner,0,3,3,4,4,1,1,2,1,0,1,1,0,0,1,1,1,2,2,1,1,0,0,0,0,0,0,0,0,72.79,C
S138,F,Proficient,2,4,3,3,2,1,1,1,1,1,1,1,3,2,1,1,1,3,1,2,1,1,3,4,1,1,1,1,5,101.3,A
S139,M,Proficient,1,1,2,0,1,1,1,1,1,1,1,0,0,0,0,0,1,4,1,6,1,2,1,3,1,1,1,0,0,88.39,B
S140,M,Proficient,4,3,3,0,1,1,0,0,0,0,0,0,0,0,0,0,1,5,1,0,3,0,0,0,0,0,0,0,0,36.12,F
S141,F,Novice,1,7,5,6,10,6,2,5,3,3,3,1,2,2,1,2,1,3,4,1,10,1,3,3,1,1,3,1,0,68.96,D
S142,M,Novice,0,3,1,1,1,1,1,0,1,1,1,0,1,0,1,0,1,1,1,0,1,0,0,0,1,1,0,0,4,54.09,E
S143,F,-,0,0,0,0,0,0,0,0,0,0,0,0,0,0,0,0,1,0,0,0,0,0,0,0,0,0,0,0,0,0.5,F
S144,M,Intermediate,1,1,4,1,1,1,1,0,2,1,1,1,1,1,1,2,1,1,1,1,1,1,1,1,1,1,1,1,1,91.86,A
S145,F,-,0,1,0,1,0,1,0,0,0,0,0,0,0,0,0,0,0,0,0,0,0,0,0,0,0,0,0,0,0,1.75,F
S146,M,Proficient,1,2,0,0,0,0,0,0,0,0,0,0,0,0,0,0,1,1,0,0,0,0,0,0,0,0,0,0,0,100,A
S147,M,Intermediate,1,1,1,1,1,1,1,1,1,1,1,1,1,1,1,0,1,2,1,3,4,3,2,1,5,2,1,4,7,93.16,A
S148,M,Intermediate,4,2,3,3,1,5,2,0,0,0,0,0,0,0,0,0,1,1,1,1,1,3,0,0,0,0,0,0,0,21.72,F
S149,M,Novice,1,4,3,1,1,1,2,1,2,1,1,0,1,1,1,1,1,0,1,1,1,3,1,1,0,0,3,1,0,65.6,D
S150,M,Intermediate,3,2,3,2,2,1,1,1,1,3,0,1,0,0,0,0,1,1,2,1,1,1,1,1,1,0,0,0,0,17.49,F
S151,F,Novice,1,1,1,1,1,7,9,10,6,8,9,7,9,8,7,7,1,3,2,2,3,2,10,5,16,3,4,3,14,77.55,C
S152,M,Expert,3,1,0,0,0,0,0,0,0,0,0,0,0,0,0,0,2,1,0,0,0,0,0,0,0,0,0,0,0,95,A
S153,F,Novice,1,4,1,1,2,1,1,2,2,1,1,2,1,1,2,2,1,1,1,9,9,5,5,1,4,2,1,1,3,86.85,B
S154,M,Proficient,3,4,3,5,4,1,2,2,3,1,1,3,1,0,1,1,1,4,3,6,6,2,3,3,6,1,3,1,0,99.45,A
S155,M,Intermediate,1,3,2,1,2,1,1,1,2,1,1,1,1,1,2,3,1,4,8,2,5,5,4,3,1,1,3,1,2,91.24,A
S156,F,Proficient,3,1,1,3,1,1,1,1,2,1,1,1,0,0,0,0,2,3,0,2,8,3,6,3,0,0,0,0,0,88.46,B
S157,F,Proficient,2,2,4,2,2,1,2,3,3,3,1,3,2,3,2,1,1,1,1,3,2,4,2,3,3,1,1,3,3,105.65,A
S158,F,Intermediate,3,8,5,3,3,2,1,3,3,1,2,1,14,2,2,3,1,5,5,5,16,2,4,2,6,5,2,3,2,85.22,B
S159,M,Intermediate,6,3,3,2,2,2,1,1,1,1,1,2,1,1,1,1,1,4,1,9,12,6,2,0,0,5,3,0,11,96.08,A
S160,F,Beginner,0,10,5,3,6,5,1,3,2,1,1,0,2,0,0,2,1,9,2,0,1,4,0,3,0,1,0,0,0,67.45,D
S161,F,Intermediate,4,6,2,1,3,4,3,1,1,1,2,2,1,1,1,2,1,3,1,3,3,7,3,7,4,1,3,2,7,90.48,A
S162,M,-,0,0,1,0,0,0,1,0,0,0,0,0,0,0,0,0,0,2,2,1,0,1,0,1,0,0,0,0,0,21.9,F
S163,M,Intermediate,2,2,2,3,1,2,1,1,2,1,2,1,1,1,1,1,1,5,2,2,11,4,5,30,5,13,6,13,13,103.56,A
S164,M,Expert,5,0,0,0,0,0,0,0,0,0,0,0,0,0,0,0,2,0,0,0,0,0,0,0,0,0,0,0,0,100,A
S165,F,Proficient,3,2,3,2,1,4,1,3,1,2,3,1,1,2,1,3,1,3,1,1,1,1,1,4,4,1,1,2,0,69.5,D
S166,F,Beginner,4,3,5,4,4,5,2,4,4,5,3,2,2,1,2,1,1,25,3,19,19,8,18,22,13,6,7,4,13,90.3,A
S167,F,Intermediate,3,3,3,3,4,2,2,2,2,2,1,2,1,1,1,1,1,8,1,4,2,5,1,4,7,3,1,3,0,99.04,A
S168,F,Novice,0,4,6,5,6,2,3,4,5,3,5,2,2,1,7,6,1,1,1,4,4,5,11,3,4,1,6,3,18,98.3,A
S169,M,Proficient,2,2,2,1,1,0,1,0,0,0,1,0,0,0,0,0,1,2,1,2,0,0,0,0,0,0,0,0,0,51.44,F
S170,M,Proficient,1,5,2,6,3,2,3,1,2,2,1,2,2,1,2,2,1,1,1,1,2,2,7,1,2,1,2,1,6,99.1,A
S171,M,Intermediate,0,1,2,3,1,1,1,1,1,1,1,1,1,1,1,1,1,1,1,1,1,4,3,2,4,2,1,3,8,99.28,A
S172,M,Expert,2,2,0,0,0,0,0,0,0,0,0,0,0,0,0,0,1,3,0,0,0,0,0,0,0,0,0,0,0,90,A
S173,M,Intermediate,1,1,2,1,1,1,1,1,1,0,1,0,0,1,1,0,2,1,1,4,0,1,1,0,1,1,0,0,0,83.52,B
S174,M,Proficient,1,1,2,3,1,1,1,1,1,1,1,2,1,1,1,1,1,1,3,2,4,2,1,3,12,2,1,1,5,96.05,A
S175,F,Novice,1,1,1,2,4,4,1,1,1,3,2,2,2,3,1,1,1,0,1,1,2,2,3,2,4,1,2,2,4,57.33,E
S176,M,Proficient,3,7,3,4,3,3,1,2,1,1,1,2,1,1,1,1,1,9,1,7,11,5,0,13,5,3,1,1,5,94.85,A
S177,M,Proficient,4,3,3,3,1,7,1,2,3,3,4,2,4,1,1,3,1,3,1,4,4,4,8,10,2,1,2,3,7,102.45,A
S178,M,Intermediate,3,4,2,2,2,4,1,2,3,4,2,2,2,1,1,1,1,19,1,6,3,3,6,1,2,4,2,1,4,94.9,A
S179,M,Proficient,1,1,0,0,0,0,0,0,0,0,0,0,0,0,0,0,1,3,0,0,0,0,0,0,0,0,0,0,0,100,A
S180,F,Proficient,3,2,2,2,2,1,2,1,1,2,1,2,1,1,1,1,1,1,1,3,6,0,0,0,0,0,0,0,0,79.5,C
S181,F,Beginner,1,3,1,7,6,2,2,3,1,2,3,1,5,1,1,1,2,11,4,21,18,3,1,1,1,2,2,0,3,75.74,C
S182,M,Intermediate,2,4,4,2,1,2,1,1,1,1,1,1,1,0,0,0,2,2,1,4,10,10,9,5,3,0,0,0,0,87.71,B
S183,F,Proficient,3,2,3,4,2,2,1,3,2,2,2,2,3,3,3,3,1,4,1,1,8,2,20,4,6,1,3,2,9,89.7,B
S184,F,Intermediate,1,1,1,1,1,2,1,0,0,0,0,0,0,0,0,0,1,3,1,1,1,1,0,0,0,0,0,0,0,13.06,F
S185,F,Proficient,0,2,5,2,1,2,1,2,2,2,3,2,1,4,4,5,1,2,1,8,1,3,4,5,3,1,2,1,5,109.9,A
S186,M,Beginner,3,1,1,1,1,1,1,1,1,1,1,0,1,1,1,1,1,2,2,2,2,1,1,2,1,1,1,1,2,91.16,A
S187,F,Proficient,1,2,1,1,1,1,2,1,2,1,1,2,2,1,1,1,1,8,2,4,7,3,11,4,1,7,1,1,6,94.88,A
S188,M,Beginner,3,2,4,4,2,1,1,1,2,1,1,1,1,1,1,1,1,1,1,1,4,2,12,1,2,1,1,1,1,81.1,B
S189,M,Intermediate,3,3,6,4,4,3,2,3,1,2,1,1,0,1,0,0,2,9,1,1,2,2,5,3,1,0,0,0,0,87.14,B
S190,F,Intermediate,3,2,5,2,3,2,1,1,2,2,1,1,1,2,1,2,1,15,3,2,2,5,3,5,4,1,2,0,1,84.5,B
S191,M,Novice,1,1,3,2,3,0,3,5,0,0,1,2,1,1,2,0,1,2,2,3,4,6,16,1,3,1,1,1,2,93.74,A
S192,M,Novice,1,1,1,2,1,1,1,0,1,1,1,1,1,1,1,1,1,1,0,1,1,1,1,0,0,3,0,6,0,90.08,A
S193,M,Proficient,1,1,0,0,0,1,0,0,0,2,2,0,1,1,0,0,1,2,1,1,1,0,0,1,1,1,1,1,0,40.45,F
S194,M,Proficient,2,1,0,0,0,0,0,0,0,0,0,0,0,0,0,0,1,5,0,0,0,0,0,0,0,0,0,0,0,100,A
S195,M,Intermediate,0,4,0,1,1,0,0,0,0,0,0,1,0,0,0,0,1,2,0,0,0,0,0,0,0,0,0,0,0,49.36,F
S196,F,Novice,3,7,7,5,5,9,5,4,5,3,3,7,5,3,3,4,2,5,1,6,2,3,3,6,3,1,2,2,3,88.05,B
S197,F,Proficient,5,9,7,2,4,5,6,5,5,2,1,1,0,1,2,2,1,7,5,4,4,9,1,0,2,1,0,0,0,77.21,C
S198,M,Proficient,3,1,2,1,1,1,1,1,1,1,1,1,1,1,1,1,1,6,3,0,6,3,8,5,0,3,1,2,2,98.81,A
S199,F,Novice,2,3,3,3,3,3,4,3,3,2,2,1,2,2,1,2,1,6,4,14,34,6,11,20,8,5,4,2,8,97.45,A
S200,F,Novice,3,3,5,5,4,8,2,3,3,2,5,3,3,3,1,1,1,1,5,12,8,3,4,2,7,2,4,2,5,98.8,A
S201,M,Intermediate,2,2,1,2,2,2,1,1,2,1,1,2,1,1,1,1,1,17,4,5,6,8,13,1,6,3,6,2,3,96.4,A
S202,M,Proficient,8,9,5,0,1,2,1,1,1,1,0,2,1,1,1,0,1,0,1,0,3,2,11,2,8,0,2,0,0,88.65,B
S203,M,Proficient,3,2,3,4,1,2,2,1,3,1,1,2,1,1,3,1,1,3,2,4,3,3,12,2,2,1,5,2,4,109,A
S204,F,Proficient,3,4,3,3,1,2,2,1,2,1,1,1,1,1,1,1,2,10,1,2,4,6,2,7,2,4,1,1,6,94.82,A
S205,M,Proficient,2,2,1,1,0,1,1,1,3,1,2,1,1,1,2,1,1,1,3,1,2,2,1,3,2,4,1,0,11,96.81,A
S206,F,Beginner,2,3,3,5,5,5,1,3,5,2,1,4,3,3,3,2,1,1,1,4,8,1,5,3,5,1,1,2,3,92.3,A
S207,M,Proficient,1,1,6,3,3,3,4,3,2,3,2,3,2,4,0,3,2,1,4,11,11,3,10,2,3,3,1,1,4,97.05,A
S208,M,Novice,2,3,2,5,4,3,1,1,4,1,1,2,1,1,1,1,1,1,1,2,1,1,1,1,1,1,0,0,0,66.16,D
S209,M,Proficient,1,3,4,4,3,5,2,1,3,3,1,1,1,2,1,1,1,4,18,1,6,5,2,12,10,1,1,1,3,93.3,A
S210,M,-,5,0,0,2,0,0,2,0,0,0,0,0,0,0,0,0,1,0,0,0,0,1,0,0,0,0,0,0,0,2.95,F
S211,M,Proficient,1,1,2,1,1,2,1,1,1,1,1,1,1,1,1,1,1,0,1,2,5,2,4,1,1,1,4,2,4,92.74,A
S212,M,Proficient,3,1,2,3,4,0,0,1,1,0,0,0,0,0,0,0,1,2,2,4,8,23,10,2,3,2,5,0,0,95.67,A
S213,M,Proficient,3,1,3,1,1,1,1,1,1,1,1,0,1,1,1,0,1,1,2,4,3,2,6,1,5,1,1,0,0,94.03,A
S214,F,Proficient,2,5,3,2,2,3,2,1,2,1,1,0,2,1,1,1,1,10,1,1,7,9,2,5,3,1,1,2,7,95.72,A
S215,M,Beginner,3,1,3,2,1,3,2,1,1,1,2,1,0,0,0,0,1,4,6,8,4,7,2,0,0,0,0,0,0,25.6,F
S216,M,Novice,1,6,11,3,6,4,1,1,3,1,1,1,3,3,4,1,1,6,29,17,9,1,5,1,3,3,1,1,0,58.61,E
S217,M,Proficient,1,4,4,4,1,2,1,3,2,1,2,1,1,1,2,1,1,7,1,5,7,2,10,3,4,1,1,1,8,95.85,A
S218,M,Intermediate,1,1,1,1,1,1,1,1,1,1,1,2,1,1,1,1,1,18,12,16,11,5,16,7,10,4,6,1,7,85.75,B
S219,F,Beginner,6,5,6,4,3,3,5,2,6,9,3,2,6,3,4,3,1,5,1,1,2,1,5,2,10,5,3,3,6,61.92,D
S220,F,Novice,6,8,4,1,4,1,2,2,2,1,3,2,2,1,1,0,1,2,1,2,2,3,2,1,3,0,1,1,0,65.98,D
S221,M,Intermediate,4,1,3,2,1,1,1,1,1,1,1,1,1,1,1,1,1,4,1,2,1,3,12,3,8,1,2,1,1,81.01,B
S222,F,Proficient,2,10,3,4,2,2,1,2,2,3,2,1,1,1,2,1,1,4,1,1,1,1,1,1,3,1,1,1,0,69.51,D
S223,M,Intermediate,1,0,1,0,1,0,0,2,1,1,2,3,1,0,1,1,1,1,1,1,1,2,1,1,1,1,1,0,0,57.08,E
S224,M,Proficient,3,3,3,5,2,2,1,2,4,2,3,2,1,1,3,1,1,2,2,1,2,5,2,3,1,3,1,4,4,101.7,A
S225,M,Proficient,1,0,0,0,0,0,0,0,0,0,0,0,0,0,0,0,0,0,0,0,0,0,0,0,0,0,0,0,0,0.38,F
S226,F,Intermediate,2,5,3,1,2,2,1,1,1,1,1,1,2,2,1,1,1,2,7,1,9,6,7,2,3,1,1,2,1,80.24,B
S227,M,Proficient,4,3,6,1,3,1,1,2,2,1,2,1,1,1,1,2,1,8,2,4,11,2,21,9,10,1,3,1,4,100.49,A
S228,F,Beginner,6,5,6,1,2,2,2,1,2,4,2,1,2,2,3,1,1,1,1,1,2,8,6,10,1,3,1,1,1,82.9,B
S229,F,Beginner,3,4,10,3,5,5,3,2,3,1,4,0,2,2,2,1,1,1,1,1,1,1,1,1,2,1,1,2,1,53.9,E
S230,M,Intermediate,1,5,5,8,13,1,2,3,6,5,2,2,5,3,3,2,1,10,10,8,6,3,30,6,7,5,3,2,11,96.1,A
S231,F,Beginner,1,1,1,5,4,2,3,2,2,2,2,3,3,2,3,3,1,6,1,0,3,3,9,3,5,3,1,2,9,95.2,A
S232,F,Proficient,6,1,3,5,1,0,3,2,1,1,2,0,2,1,1,0,1,0,0,12,7,10,12,1,5,8,2,6,6,95.13,A
S233,M,Proficient,3,5,7,5,3,4,1,0,0,0,0,0,0,0,0,0,1,1,1,0,1,1,0,0,0,0,0,0,0,28.73,F
S234,M,Proficient,2,2,4,1,2,1,1,4,2,1,1,1,1,1,1,1,1,3,1,4,2,1,4,2,1,1,2,4,5,102.75,A
S235,M,Proficient,1,2,1,1,1,1,2,1,1,1,1,1,1,1,1,1,1,5,3,1,4,8,9,3,8,1,2,1,0,99.97,A
S236,M,Intermediate,0,4,5,4,3,2,1,2,2,1,3,1,1,1,1,1,1,1,1,2,1,1,3,3,2,1,2,1,3,99.85,A
S237,F,Intermediate,0,3,6,2,1,2,1,1,1,1,2,2,1,1,1,1,1,2,1,4,1,1,2,1,0,0,2,1,3,85.1,B
S238,M,-,1,2,2,2,1,2,1,1,1,1,1,1,1,2,1,1,1,4,5,8,6,20,1,17,1,1,2,0,0,68.56,D
S239,M,Novice,3,2,3,2,1,0,1,0,2,0,1,1,0,1,1,1,1,1,1,1,0,1,0,0,0,0,0,0,0,18.32,F
S240,F,Beginner,3,2,1,2,1,1,1,1,1,1,1,1,1,1,1,1,1,4,4,7,13,17,8,4,5,4,2,2,6,84.6,B
S241,M,-,4,2,3,1,0,0,1,0,0,0,0,0,0,1,0,0,1,4,2,3,3,5,0,4,5,2,1,1,7,43.32,F
S242,M,Intermediate,5,2,2,1,1,1,3,1,3,1,2,1,1,1,0,0,1,1,1,2,2,2,23,7,20,6,6,0,0,48.72,F
S243,M,Expert,3,2,0,0,0,2,2,1,0,3,0,2,1,1,2,2,2,0,0,0,0,0,0,0,0,0,7,2,18,89.93,B
S244,M,Intermediate,3,5,1,2,2,0,0,1,1,1,1,0,0,0,0,0,1,1,3,5,5,3,9,5,0,3,0,0,5,62.35,D
S245,M,Expert,1,0,1,1,1,1,1,1,1,1,1,1,1,1,1,1,1,1,1,5,8,4,4,2,7,2,3,2,6,99.68,A
S246,M,-,0,1,1,1,1,1,0,1,1,1,0,1,1,1,0,0,1,1,1,1,4,4,7,1,0,1,1,1,1,88.42,B
S247,F,Novice,5,9,7,4,3,0,1,2,1,1,1,2,4,1,2,1,1,2,1,0,1,2,2,3,1,3,1,2,0,56.92,E
S248,M,Proficient,5,3,3,3,3,1,3,1,1,1,1,1,1,1,1,1,1,1,1,1,1,5,3,2,1,2,1,1,1,68.06,D
S249,M,Beginner,0,4,3,1,2,1,1,1,2,2,1,1,1,1,0,1,1,1,1,1,1,1,1,2,2,1,1,1,0,79.97,C
S250,M,Expert,3,1,0,0,0,0,0,0,0,0,0,0,0,0,0,0,1,3,0,0,0,0,0,0,0,0,0,0,0,100,A
S251,M,Proficient,1,2,3,2,1,0,2,1,2,0,2,1,2,1,1,1,1,13,2,5,13,7,9,6,14,3,2,20,16,89.83,B
S252,F,Expert,1,2,5,2,2,2,2,2,1,2,1,1,1,1,1,1,1,9,4,4,7,7,5,1,1,3,2,0,0,84.25,B
S253,M,-,0,0,3,2,1,1,1,1,1,1,1,1,1,1,1,1,0,0,2,4,4,7,9,6,8,2,2,3,6,98.8,A
S254,M,-,3,1,0,0,0,3,0,0,0,0,0,1,0,1,3,1,1,5,0,0,0,0,0,0,0,0,0,3,0,94,A
S255,M,Intermediate,2,4,2,0,1,0,1,1,1,1,1,0,1,1,0,0,3,1,1,4,4,5,4,3,4,4,1,2,0,90.98,A
S256,M,Proficient,2,2,3,3,1,1,1,1,4,2,1,1,1,1,1,2,1,3,1,1,2,1,3,3,6,1,4,11,10,102.15,A
S257,M,Proficient,4,5,3,1,0,0,1,1,3,0,1,0,0,1,1,0,2,8,1,0,0,13,10,15,0,0,0,1,4,65.86,D
S258,F,Proficient,3,2,3,7,7,2,2,1,1,1,1,1,1,1,1,1,3,4,14,4,12,11,9,8,9,2,2,4,7,99.5,A
S259,F,Proficient,4,5,4,2,6,1,2,1,2,0,0,0,0,0,0,0,1,7,2,11,1,3,1,0,0,0,0,0,0,34.8,F
S260,M,Proficient,3,3,4,1,1,1,1,3,1,1,1,1,1,1,0,1,1,3,3,2,4,3,2,5,1,2,1,0,0,89.95,B
S261,M,Intermediate,3,2,3,1,1,2,2,1,1,1,1,1,2,1,2,2,1,5,4,1,1,2,2,2,0,1,1,0,1,53.15,E
S262,F,Novice,4,3,5,2,3,4,1,3,3,2,1,1,2,2,1,1,1,1,2,2,3,1,10,7,3,1,1,1,0,90.2,A
S263,F,Proficient,3,2,6,3,2,1,1,1,3,2,2,1,1,1,3,0,1,5,1,6,4,2,12,6,0,3,6,0,15,90.93,A
S264,F,Novice,1,11,3,2,2,3,1,0,2,1,2,1,1,0,3,0,2,2,1,0,2,0,0,0,0,1,0,0,1,61.42,D
S265,M,Proficient,3,1,5,2,3,1,1,1,2,1,1,2,1,1,1,1,1,7,2,13,10,10,16,10,7,10,5,3,11,98.8,A
S266,F,Novice,2,1,1,1,3,1,1,1,2,2,1,1,3,1,2,1,1,7,2,2,4,6,19,14,9,1,4,2,7,91.2,A
S267,M,-,0,0,1,1,1,1,0,0,1,1,1,1,1,1,0,0,0,3,2,5,2,3,3,2,3,3,0,4,9,93.4,A
S268,M,Proficient,1,3,2,3,2,3,1,1,3,1,0,2,1,1,0,0,1,2,0,5,3,4,16,8,5,0,5,2,0,61,F
S269,M,Beginner,1,0,1,1,1,1,1,1,0,1,1,1,1,1,1,0,2,1,2,7,4,3,5,2,1,1,1,0,4,78.77,C
S270,M,-,0,1,2,1,1,1,1,1,0,1,0,0,1,0,0,0,0,2,1,1,2,2,0,0,1,0,1,0,0,6.72,F
S271,F,Intermediate,4,6,2,5,6,4,1,1,1,1,0,1,1,1,1,1,2,8,7,10,9,13,33,20,9,7,4,5,7,86.65,B
S272,M,Proficient,2,4,2,2,1,1,1,1,1,1,1,1,1,1,1,5,1,1,1,1,3,2,5,4,4,7,1,1,3,100.6,A
S273,F,Beginner,1,0,5,4,1,2,2,4,1,1,1,0,2,1,1,0,1,1,1,2,1,1,1,1,1,0,1,1,0,69.33,D
S274,F,Proficient,0,1,6,2,1,0,1,1,1,1,1,1,1,1,2,1,1,4,6,3,0,1,0,0,0,0,1,1,5,78.4,C
S275,F,Intermediate,2,0,2,2,2,2,0,0,1,0,1,0,0,0,0,0,1,0,1,1,4,0,0,1,0,2,0,0,0,45.41,F
S276,M,Expert,5,3,2,2,1,1,1,2,3,1,1,2,1,1,2,1,1,6,1,6,3,6,5,4,6,2,2,5,11,98.52,A
S277,F,Novice,1,2,1,3,2,4,3,2,3,2,3,3,1,2,3,3,1,1,2,3,7,4,5,4,7,6,5,1,7,73.7,C
S278,F,Proficient,3,3,2,2,1,1,3,1,1,1,1,4,1,1,1,1,2,2,2,3,5,2,6,3,6,1,2,0,1,82.65,B
S279,M,Proficient,1,4,1,1,2,2,1,1,2,1,1,1,1,1,1,1,1,3,1,5,12,5,2,2,1,2,1,2,6,105.9,A
S280,F,-,3,11,4,3,2,2,1,2,3,1,4,2,1,1,3,2,1,3,7,10,17,5,7,4,4,2,3,2,3,79.95,C
S281,M,-,3,3,1,1,3,1,1,1,1,1,1,1,1,1,1,1,1,3,2,5,5,4,0,0,0,0,1,0,0,61.51,D
S282,F,Novice,5,6,4,2,3,2,2,1,3,2,1,1,1,1,1,1,1,1,1,1,2,2,1,1,1,1,1,1,1,89.5,B
S283,M,Beginner,2,4,4,4,3,3,1,2,2,1,1,1,1,2,1,1,1,1,2,4,3,2,3,7,2,1,3,1,0,97.4,A
S284,F,Intermediate,3,8,5,1,3,3,1,2,1,1,1,1,1,1,1,1,2,1,1,1,1,3,1,1,1,1,1,0,0,84.27,B
S285,M,Novice,1,7,6,5,2,2,1,3,3,3,1,3,2,1,1,1,1,6,1,2,3,2,2,4,2,0,2,0,0,80.5,B
S286,M,Proficient,1,1,1,1,1,1,0,0,1,1,0,1,1,0,1,0,1,5,0,0,3,0,0,0,0,0,0,0,2,64.52,D
S287,F,Novice,1,1,2,1,1,2,2,1,1,2,1,1,2,1,1,1,1,1,1,1,4,2,1,1,1,1,1,1,1,59.95,E
S288,M,Intermediate,1,1,4,1,1,1,1,1,0,1,0,1,0,0,0,0,2,1,2,1,1,1,0,0,0,0,0,0,0,32.05,F
S289,F,Proficient,3,2,2,2,2,3,1,1,1,2,1,2,1,1,2,2,1,5,3,12,8,8,7,10,3,9,5,2,15,89.57,B
S290,M,Proficient,2,2,0,2,2,2,1,1,1,1,0,1,1,0,0,0,1,6,0,3,1,4,5,1,4,0,2,0,0,84.99,B
S291,F,Intermediate,2,4,5,6,3,3,1,2,2,2,2,2,2,2,2,1,1,2,2,5,6,6,4,2,9,1,0,2,8,98.6,A
S292,M,Intermediate,3,4,5,4,3,2,1,1,1,1,1,0,1,1,1,1,1,4,1,3,3,2,9,4,7,1,1,5,2,99.86,A
S293,F,Novice,1,3,3,1,1,3,1,1,2,2,1,1,1,1,1,1,1,1,1,1,4,2,1,1,1,1,1,0,0,73.44,C
S294,M,Proficient,3,3,5,8,5,9,3,4,5,2,7,5,4,6,4,6,1,3,1,8,8,8,5,8,3,2,6,3,12,98.5,A
S295,M,Beginner,2,1,1,4,1,1,1,1,1,1,1,1,0,1,1,1,1,2,2,4,1,1,1,3,2,1,0,1,4,108.9,A
S296,F,Proficient,3,4,4,0,6,1,3,1,0,1,1,2,2,1,2,0,1,4,6,2,6,2,0,0,2,2,2,1,0,20.23,F
S297,M,Proficient,5,6,3,4,2,3,1,1,1,1,0,0,0,0,0,0,1,0,3,4,7,13,10,6,0,0,0,0,0,34.63,F
S298,M,Proficient,1,1,1,1,2,1,1,1,0,1,1,0,2,1,2,0,1,1,1,0,1,0,1,0,1,0,2,0,1,62.88,D
S299,M,Intermediate,4,6,5,6,4,4,2,2,1,4,4,3,3,2,5,3,1,5,1,8,7,12,21,18,6,5,3,5,8,94.2,A
S300,M,Beginner,3,3,4,3,4,6,2,5,3,4,4,4,4,4,2,2,1,1,2,8,8,17,19,27,8,6,2,5,14,100,A
S301,M,Proficient,1,1,1,1,1,1,1,0,0,1,1,0,0,0,1,2,1,1,0,4,0,1,0,0,2,0,0,2,0,86.78,B
S302,M,Proficient,2,2,1,1,1,0,1,1,1,1,1,1,0,0,0,1,1,9,2,2,8,0,0,3,0,5,1,1,0,70.47,C
S303,M,Proficient,1,3,3,2,2,1,2,1,2,1,1,1,1,1,1,1,1,4,1,9,4,5,1,4,4,2,2,1,1,97.3,A
S304,M,Proficient,0,2,1,0,0,0,0,0,0,0,0,0,0,0,0,0,1,1,4,0,0,0,0,0,0,0,0,0,0,8.27,F
S305,F,Beginner,3,8,3,1,2,1,3,3,2,1,3,1,2,1,4,3,1,1,2,1,1,1,1,1,1,4,3,2,1,70.3,C
S306,M,Intermediate,4,1,3,2,2,1,1,2,1,1,2,0,1,1,1,1,1,1,2,0,0,0,0,0,0,0,0,0,0,36.84,F
S307,F,Intermediate,3,1,3,1,2,1,1,1,0,1,1,1,1,1,1,1,1,2,1,3,2,3,3,7,2,1,1,3,2,92.47,A
S308,F,Expert,1,3,3,3,1,2,1,1,1,1,1,1,1,0,1,0,1,3,5,11,5,2,5,5,6,0,1,0,1,84.49,B
S309,F,Intermediate,1,3,2,3,3,3,1,2,1,3,1,1,1,1,1,1,1,1,1,5,1,2,1,2,2,1,1,1,0,94.66,A
S310,M,Proficient,3,3,0,0,0,0,0,0,0,0,0,0,0,0,0,0,1,1,0,0,0,0,0,0,0,0,0,0,0,94,A
S311,M,Intermediate,5,1,2,2,2,2,1,1,2,1,1,1,1,1,1,1,1,3,1,1,1,2,4,2,4,1,1,1,5,99.82,A
S312,F,Novice,3,6,12,5,5,7,1,2,4,3,8,4,5,5,5,2,3,3,3,5,15,7,7,12,4,3,5,1,7,95.6,A
S313,M,Expert,6,1,0,0,0,0,0,0,0,0,0,0,0,0,0,0,1,4,0,0,0,0,0,0,0,0,0,0,0,94,A
S314,F,Beginner,4,2,4,3,3,2,0,1,1,1,1,1,3,0,1,1,1,6,1,1,7,0,4,3,1,1,1,1,2,80.87,B
S315,M,-,1,3,1,3,2,3,1,1,2,2,2,1,2,1,1,1,1,12,3,4,32,65,11,13,7,3,9,2,13,76.03,C
S316,M,Intermediate,3,3,5,2,3,3,2,3,3,5,3,3,1,1,4,1,1,8,1,2,7,6,7,6,6,4,1,2,9,97.75,A
S317,M,Proficient,1,3,0,1,2,2,1,0,1,1,1,0,1,1,1,1,1,3,2,2,3,2,0,4,0,5,0,0,0,87.03,B
S318,M,-,1,1,2,1,0,2,1,1,0,1,2,1,1,1,1,1,1,4,1,1,1,1,1,0,0,1,3,1,0,66.99,D
S319,M,Proficient,3,2,2,1,1,2,1,0,1,0,1,1,1,0,0,1,1,2,1,4,4,4,5,3,0,0,0,0,0,87.85,B
S320,F,Novice,3,9,6,7,5,5,2,2,3,3,6,5,4,3,5,4,1,4,1,5,5,2,9,2,1,1,1,1,1,88.9,B
S321,F,Proficient,3,3,1,4,1,2,1,1,2,1,2,1,1,1,1,1,1,2,3,4,6,5,2,2,3,2,2,2,5,98.8,A
S322,M,Intermediate,2,1,4,4,2,2,2,1,1,2,1,2,1,0,0,0,1,9,2,9,8,8,5,8,5,2,3,0,0,86.83,B
S323,M,Beginner,1,0,1,2,2,2,1,1,1,1,1,1,1,1,1,1,1,1,1,1,2,1,2,2,1,1,1,1,1,94.03,A
S324,M,Beginner,4,3,4,5,2,4,1,1,1,2,1,2,1,1,1,1,1,1,1,5,2,3,0,4,2,3,1,1,0,94.58,A
S325,M,Proficient,5,3,0,0,0,0,0,0,0,0,0,0,0,0,0,0,1,4,0,0,0,0,0,0,0,1,0,0,0,93,A
S326,M,Expert,3,2,2,1,2,1,2,1,1,1,1,2,2,1,1,1,1,2,1,2,2,2,8,8,1,2,1,1,5,94.9,A
S327,M,Proficient,1,2,3,3,1,1,1,1,1,1,1,1,2,1,0,0,1,10,3,9,11,4,6,0,4,0,3,2,0,87.48,B
S328,M,Proficient,1,1,1,2,0,3,1,0,2,1,1,1,1,3,1,1,1,4,1,7,12,6,15,9,9,4,2,8,13,96.96,A
S329,M,Proficient,1,1,1,0,1,0,1,2,1,1,1,1,0,1,1,0,1,7,6,8,4,6,4,3,3,2,0,3,0,93.44,A
S330,F,Beginner,3,3,4,5,1,3,5,1,3,2,3,2,6,1,3,8,1,2,1,9,2,0,0,1,9,2,2,1,6,89.53,B
S331,F,Novice,0,2,2,1,2,1,1,1,1,1,1,1,1,1,1,0,1,1,1,6,3,1,1,1,2,1,1,1,1,75.72,C
S332,M,Proficient,3,1,2,1,4,2,1,3,2,1,3,1,1,1,1,4,1,6,1,5,2,1,4,2,8,1,3,1,4,106,A
S333,M,Intermediate,1,2,3,1,2,4,4,2,1,3,0,0,1,0,0,0,2,4,2,19,11,11,0,0,10,0,2,0,0,82.3,B
S334,F,Proficient,2,2,4,3,3,6,2,1,4,4,4,4,1,1,3,3,1,3,2,2,22,3,1,7,5,2,3,4,2,107.7,A
S335,M,Proficient,4,2,1,1,2,1,1,2,1,1,1,1,1,1,1,1,1,3,1,2,2,6,0,5,6,2,1,1,8,66.82,D
S336,M,Beginner,4,7,5,3,3,3,2,2,3,1,2,2,1,1,1,3,1,1,1,4,3,3,10,13,4,1,3,1,9,70.8,C
S337,M,Intermediate,1,4,3,0,3,1,1,1,2,3,1,1,1,0,1,1,1,2,2,5,6,2,4,4,10,3,2,0,4,100.96,A
S338,M,Proficient,5,1,2,0,2,3,1,3,2,2,2,3,4,1,1,2,1,2,2,5,6,3,5,4,3,3,2,4,6,93.25,A
S339,M,Proficient,3,2,0,1,2,2,1,1,2,2,0,0,0,0,0,0,1,3,0,0,7,3,0,0,0,0,0,0,0,38.54,F
S340,F,Intermediate,6,3,4,2,3,3,1,1,2,1,1,3,1,1,1,1,1,2,3,1,2,1,6,3,4,1,1,3,5,100.7,A
S341,M,Proficient,0,4,12,5,3,0,0,0,0,0,0,0,0,0,0,0,2,11,1,14,1,0,0,0,0,0,0,0,0,7.8,F
S342,M,-,2,3,4,7,3,3,1,4,5,4,3,4,4,1,15,3,1,8,2,2,3,11,7,5,2,1,11,2,15,100,A
S343,F,Intermediate,6,10,14,5,2,4,5,6,5,8,2,5,2,6,1,3,1,2,3,3,0,0,0,0,0,0,0,5,0,39.09,F
S344,M,Intermediate,3,7,3,4,5,1,1,2,2,1,2,1,2,1,1,1,2,1,1,1,1,4,1,3,4,1,5,1,3,101.3,A
S345,F,Intermediate,3,5,2,8,3,4,1,2,3,2,2,1,3,3,6,3,1,2,2,2,5,11,6,3,13,1,1,2,15,98.75,A
S346,M,Beginner,4,4,4,3,1,2,1,2,1,1,1,1,0,2,1,1,1,4,3,4,2,3,5,1,5,1,0,0,0,60.41,D
S347,M,Intermediate,1,4,6,4,4,3,1,3,3,1,1,1,1,1,1,0,1,3,1,5,6,4,1,2,5,0,1,2,0,90.38,A
S348,M,Proficient,1,1,1,1,1,2,1,1,2,1,2,1,1,1,1,1,1,6,2,6,14,8,12,9,7,7,5,3,3,96.11,A
S349,M,Intermediate,1,2,1,1,1,0,0,0,0,0,0,0,0,0,0,0,1,1,1,0,5,0,0,0,0,0,0,0,0,22.76,F
S350,M,Proficient,3,3,6,2,2,5,3,3,4,1,1,1,2,1,1,1,4,1,1,1,7,1,6,2,4,2,4,4,9,109.25,A
S351,F,Beginner,6,9,8,5,5,4,3,3,3,2,5,1,3,2,3,5,3,5,1,1,4,3,0,1,6,3,1,0,0,79.92,C
S352,F,-,0,0,4,1,0,0,0,0,0,0,0,0,0,0,0,0,0,0,0,0,0,0,0,0,0,0,0,0,0,0.31,F
S353,M,Expert,2,1,1,1,1,0,1,1,1,1,1,1,1,0,1,1,1,5,2,5,7,2,10,1,5,3,1,0,9,94.61,A
S354,F,Beginner,4,2,1,0,0,0,0,0,0,0,0,0,0,0,0,0,2,5,0,0,0,0,0,0,0,0,0,0,0,2.63,F
S355,F,Intermediate,1,1,3,2,3,2,1,1,0,3,1,1,1,1,1,1,1,4,2,10,6,4,6,0,9,3,1,2,6,95.13,A
S356,M,Intermediate,3,3,2,2,2,4,1,2,4,2,1,1,1,1,1,1,1,1,1,1,1,4,2,3,2,1,2,1,5,109.8,A
S357,M,Proficient,0,0,1,1,1,1,1,1,1,1,1,1,1,1,0,1,1,0,1,2,1,1,5,4,0,1,0,0,0,87.43,B
S358,F,Beginner,1,0,2,1,4,2,1,1,0,1,1,1,1,1,1,0,1,1,2,2,9,14,8,23,31,6,1,1,11,49.47,F
S359,F,Proficient,0,1,3,4,7,3,2,1,2,1,2,2,1,1,1,1,1,1,1,1,1,1,1,1,1,1,1,0,0,83.7,B
S360,M,Proficient,3,2,1,1,1,1,1,1,1,1,1,1,1,1,1,0,1,1,2,6,5,2,0,1,4,2,1,0,0,72.94,C
S361,F,Proficient,3,4,4,1,3,2,3,2,3,1,2,1,1,1,1,1,1,5,1,11,1,8,28,4,9,3,3,6,9,98.65,A
S362,M,Intermediate,4,6,23,14,11,5,15,11,4,5,3,16,14,3,6,5,1,1,1,2,1,4,6,5,1,2,2,3,2,89.06,B
S363,F,Proficient,4,8,6,4,2,1,1,1,1,1,1,1,2,2,2,1,1,1,1,4,2,1,2,5,9,3,1,1,4,61.71,D
S364,M,Intermediate,4,4,5,7,3,2,2,2,1,1,1,3,4,1,2,2,3,4,1,16,3,5,5,2,2,1,2,3,0,106.25,A
S365,M,Beginner,7,5,6,1,2,1,1,2,1,1,2,1,1,1,1,1,1,2,2,5,7,9,10,2,11,1,3,0,8,95.05,A
S366,F,Novice,4,6,6,4,5,5,8,2,4,5,3,2,1,2,0,0,2,21,2,5,9,2,10,6,0,0,4,0,0,75.35,C
S367,M,Proficient,2,1,2,1,1,1,2,1,1,1,1,1,1,1,1,1,2,5,1,2,3,2,5,2,1,3,1,5,5,102,A
S368,F,Novice,0,2,0,1,1,0,0,0,1,0,0,0,0,0,0,0,1,3,0,0,0,0,0,0,0,0,0,0,0,9.26,F
S369,F,Novice,2,3,6,5,8,6,5,6,9,5,5,8,7,4,3,2,1,6,3,9,9,4,13,6,7,5,2,3,8,83,B
S370,M,Proficient,2,3,3,2,4,1,2,1,1,1,2,1,1,2,1,2,1,3,3,6,3,5,12,6,6,1,2,1,14,104.7,A
S371,M,Proficient,4,1,3,4,1,1,1,1,1,1,1,1,1,1,0,1,1,1,1,2,12,3,1,3,4,1,3,1,0,99.83,A
S372,M,Intermediate,2,4,4,7,4,5,3,7,3,4,2,3,3,2,3,2,1,6,1,3,1,1,4,5,2,1,1,4,9,100.3,A
S373,F,Intermediate,5,5,1,1,1,0,0,0,0,0,0,0,0,0,0,0,1,4,0,0,0,0,0,0,0,0,0,0,0,8.93,F
S374,F,Intermediate,1,6,1,3,4,2,2,2,2,2,2,1,1,1,1,1,1,3,1,1,1,0,0,0,1,1,1,1,2,69.12,D
S375,M,Proficient,2,4,4,1,1,1,3,2,1,1,2,1,1,2,4,1,1,1,0,0,0,1,1,0,0,1,1,0,0,46.37,F
S376,F,Beginner,6,1,3,1,2,1,1,1,1,0,0,0,0,0,0,0,1,1,1,0,0,0,0,0,0,0,0,0,0,22.52,F
S377,F,Proficient,2,6,3,3,3,2,1,0,0,0,0,0,0,0,0,0,3,2,5,11,26,4,0,0,0,0,0,0,0,25.83,F
S378,F,-,2,2,3,2,2,3,4,3,1,2,1,2,2,1,1,1,1,1,1,3,5,9,8,5,9,2,1,1,7,80.05,B
S379,M,Beginner,3,3,1,2,1,1,1,1,1,1,1,1,1,1,1,1,1,4,1,16,2,12,3,3,2,1,1,3,0,87.99,B
S380,M,Novice,1,5,2,1,2,1,1,1,2,1,1,1,1,1,0,1,1,2,5,2,1,8,22,1,0,0,5,1,1,74.63,C
S381,F,Proficient,1,3,4,5,2,2,1,1,2,3,1,3,1,1,2,1,1,5,2,1,4,3,1,3,2,2,1,7,4,90.3,A
S382,M,Intermediate,3,2,3,7,1,2,2,3,2,3,1,1,2,1,1,1,1,2,3,3,1,3,6,2,2,4,1,0,0,99.6,A
S383,M,Proficient,2,3,0,0,0,0,0,0,0,0,0,0,0,0,0,0,1,5,0,0,0,0,0,0,0,0,0,0,0,100,A
