Student,Gender,Skill level,Week 1 quiz,Week 2 quiz,Week 3 quiz,Week 4 quiz,Week 5 quiz,Week 6 quiz,Week 7 quiz,Week 8 quiz,Week 9 quiz,Week 10 quiz,Week 11 quiz,Week 12 quiz,Week 13 quiz,Week 14 quiz,Week 15 quiz,Week 16 quiz,Week 1 homework,Week 2 homework,Week 3 homework,Week 4 homework,Week 5 homework,Week 7 homework,Week 8 homework,Week 9 homework,Week 10 homework,Week 11 homework,Week 13 homework,Week 14 homework,Week 15 homework,Score,Grade
S001,F,Novice,7,2,4,7,9,6,5,9,7,13,34,5,8,9,8,3,1,5,11,5,8,6,2,16,2,2,6,1,3,82.4,B
S002,M,Proficient,3,3,1,1,1,1,1,1,1,1,1,1,1,1,1,1,3,1,1,1,2,4,1,4,7,1,5,1,6,93,A
S003,F,Novice,1,3,5,1,3,1,1,2,2,4,3,1,1,3,1,15,1,1,2,1,4,2,6,7,4,4,2,3,2,74.9,C
S004,M,Proficient,1,1,3,2,4,1,1,3,3,2,1,1,1,1,1,1,2,1,8,2,3,4,3,1,7,1,6,2,1,98.9,A
S005,F,Novice,1,2,3,1,3,3,2,1,1,1,1,3,1,2,1,0,1,1,2,2,4,3,2,5,2,39,6,1,6,87.12,B
S006,F,Novice,6,5,9,6,7,3,6,7,5,3,2,4,5,6,4,2,1,4,1,2,10,1,2,2,4,0,0,0,1,75.6,C
S007,M,Proficient,3,4,4,2,1,2,1,2,1,1,1,0,1,1,0,1,1,8,8,2,0,10,6,2,4,1,0,7,0,88.55,B
S008,M,Proficient,5,3,2,1,4,2,1,3,2,2,1,1,3,1,0,0,1,3,3,6,7,4,6,4,4,1,1,1,0,93.6,A
S009,M,Expert,2,4,4,5,1,3,1,3,7,1,2,3,3,25,2,1,2,2,3,2,11,2,11,6,12,4,1,7,6,92.3,A
S010,F,Proficient,2,5,1,1,3,1,1,2,1,1,2,1,1,3,2,1,1,2,6,3,4,2,5,1,6,4,2,2,4,92.5,A
S011,M,-,0,0,0,0,0,0,0,0,0,0,0,0,0,0,0,0,0,0,0,0,0,0,0,0,0,0,0,0,0,-,F
S012,M,Intermediate,4,3,1,1,0,3,1,1,0,0,1,0,0,0,0,0,1,3,0,0,0,4,1,0,0,0,0,0,0,21.75,F
S013,M,Proficient,1,6,14,6,7,3,5,4,5,6,4,5,2,4,1,0,0,3,20,9,13,3,17,13,5,0,0,0,0,95.61,A
S014,M,Intermediate,4,4,2,1,2,2,1,2,1,1,1,0,1,2,1,1,1,1,3,1,4,3,2,6,5,3,1,2,5,98.84,A
S015,F,Proficient,4,3,2,3,3,3,1,1,3,2,1,4,1,4,0,2,1,4,4,3,2,2,5,3,6,2,4,0,0,97.48,A
S016,M,Intermediate,2,1,1,2,1,1,1,1,1,1,1,1,1,0,2,1,3,2,6,1,1,2,1,1,5,3,0,0,0,56.57,E
S017,M,Intermediate,1,2,0,1,2,1,1,0,1,1,0,1,1,0,0,0,3,2,4,1,1,2,1,1,1,0,1,0,0,47.14,F
S018,M,Proficient,2,4,1,2,1,2,1,1,1,1,1,1,2,2,2,1,1,1,2,1,2,5,8,1,2,1,2,4,8,100.5,A
S019,M,Intermediate,4,3,4,2,2,3,1,1,1,1,0,1,0,2,0,0,1,1,1,1,5,3,1,1,1,0,1,0,0,66.29,D
S020,M,Intermediate,1,3,2,1,2,1,1,1,2,1,1,2,1,2,1,1,2,2,11,2,10,8,5,5,5,2,3,0,2,91.01,A
S021,F,Beginner,2,2,2,4,1,1,2,1,1,1,1,1,1,1,0,0,1,1,0,1,1,2,1,1,1,0,1,0,0,60.42,D
S022,F,Intermediate,2,1,2,1,5,2,2,2,1,3,1,3,6,2,3,1,2,5,5,4,7,5,1,4,0,2,1,0,0,51.74,E
S023,F,Beginner,5,7,5,8,5,7,2,4,3,2,4,3,3,3,1,2,2,3,7,9,17,5,20,7,12,0,2,0,0,65.8,D
S024,F,Novice,5,6,7,8,7,3,4,4,4,2,1,1,3,0,0,0,1,1,1,1,5,3,4,0,5,0,0,0,0,88.05,B
S025,M,Expert,1,1,0,0,0,0,0,0,0,0,0,0,0,0,0,0,1,0,0,0,0,0,0,0,0,0,0,0,0,97,A
S026,F,-,6,3,1,1,1,1,1,1,1,1,1,1,1,1,1,1,1,1,1,2,1,1,1,1,1,1,0,0,1,68.9,D
S027,F,Intermediate,5,3,4,3,4,1,4,3,3,3,3,2,4,3,2,3,1,1,2,1,3,2,3,2,3,1,2,4,5,99,A
S028,M,Novice,1,1,1,1,1,1,1,1,1,1,1,1,1,1,1,1,2,1,1,5,1,1,0,3,2,1,7,3,1,86.85,B
S029,M,Novice,2,3,4,4,5,2,1,2,2,1,1,2,2,1,0,1,1,1,6,4,20,5,3,13,15,5,5,3,0,85.56,B
S030,M,Proficient,1,2,2,1,2,1,1,1,1,1,1,1,1,2,1,1,2,6,5,2,4,4,4,14,5,5,2,1,2,72.65,C
S031,M,Beginner,1,3,4,2,4,5,2,1,1,3,0,0,0,2,0,2,2,6,8,5,5,9,6,15,2,0,0,0,0,68.14,D
S032,M,-,0,0,0,0,0,0,0,0,0,0,0,0,0,0,0,0,0,0,0,0,0,0,0,0,0,0,0,0,0,-,F
S033,F,Intermediate,2,1,2,1,1,1,1,1,1,1,1,0,1,1,0,0,2,1,1,1,1,1,0,0,1,0,0,0,0,80.97,B
S034,F,Intermediate,1,1,1,4,2,4,1,1,2,1,1,1,1,1,2,1,1,1,6,2,15,4,4,6,2,1,1,1,3,97.7,A
S035,M,Proficient,4,4,2,3,6,1,1,1,1,1,2,1,1,1,2,1,1,2,2,1,0,8,11,4,1,1,0,7,4,83.18,B
S036,M,Intermediate,4,1,5,4,2,1,1,2,3,3,3,2,6,3,2,1,2,1,5,1,5,2,2,1,2,1,1,7,1,104,A
S037,M,-,0,0,0,0,0,0,0,0,0,0,0,0,0,0,0,0,0,0,0,0,0,0,0,0,0,0,0,0,0,-,F
S038,M,Proficient,3,2,0,0,0,0,0,0,0,0,0,0,0,0,0,0,2,3,0,0,0,0,0,0,0,0,0,0,0,98,A
S039,M,Beginner,6,4,10,5,5,3,1,3,9,3,2,1,12,1,3,2,3,3,12,4,9,16,28,9,8,9,3,0,0,89.51,B
S040,M,Beginner,1,7,4,3,2,3,1,1,2,1,2,1,1,3,1,0,1,3,3,7,15,3,11,2,3,4,1,3,9,95.49,A
S041,M,Intermediate,2,1,2,2,2,1,1,2,3,1,1,3,2,3,2,1,1,4,12,4,31,8,33,6,10,5,3,9,22,98.5,A
S042,F,Proficient,1,2,3,4,3,1,2,1,3,2,1,1,2,2,2,1,2,10,3,5,8,9,12,4,6,3,4,9,11,99.5,A
S043,M,Novice,1,6,4,2,1,4,1,2,1,2,1,1,1,2,1,0,1,1,0,1,0,0,0,0,0,0,0,0,1,28.06,F
S044,M,Proficient,3,8,4,2,7,2,1,2,3,1,5,3,5,5,3,1,1,1,5,2,3,9,4,2,7,1,2,14,6,99.3,A
S045,F,Novice,2,5,2,2,1,2,1,2,1,1,1,1,1,0,1,0,1,3,2,2,1,1,0,1,1,0,0,0,0,42.72,F
S046,F,Novice,2,1,2,2,2,1,1,1,1,1,1,1,2,2,2,1,1,1,1,1,1,2,3,1,3,2,1,0,2,77.47,C
S047,M,Proficient,4,5,2,1,2,1,1,1,1,1,1,1,1,2,0,1,2,2,5,3,5,4,15,0,0,0,0,0,0,64.49,D
S048,M,Intermediate,1,1,2,1,1,1,1,1,1,1,1,1,1,1,1,0,3,4,6,6,5,4,10,3,4,4,2,25,1,92.29,A
S049,F,Intermediate,3,1,3,2,4,1,2,2,3,1,1,1,3,1,1,2,2,1,8,1,2,2,9,8,3,5,2,1,11,99.6,A
S050,M,Intermediate,3,6,2,3,4,3,1,2,3,0,2,1,2,0,0,1,1,4,15,7,14,13,15,18,0,23,4,0,0,77.19,C
S051,F,Beginner,3,3,2,5,3,4,2,2,3,2,3,2,1,3,2,0,1,2,2,1,7,3,1,1,0,0,1,1,0,82.5,B
S052,F,Beginner,2,3,4,2,3,4,1,1,2,2,3,4,1,5,1,1,1,2,3,1,2,2,2,1,2,2,1,1,1,63.33,D
S053,F,Intermediate,3,2,4,2,3,1,1,1,1,1,2,3,3,2,2,1,1,1,6,4,16,8,8,1,3,2,6,4,4,103.9,A
S054,M,Novice,6,5,4,8,5,2,3,4,7,3,3,2,3,2,4,2,2,1,2,1,1,2,4,2,5,3,2,0,2,92.8,A
S055,M,Intermediate,1,2,3,2,2,3,2,1,2,1,2,1,2,1,2,1,1,3,3,4,2,3,3,1,5,4,1,7,4,92.08,A
S056,M,-,1,2,1,1,1,1,1,1,1,1,1,1,1,2,0,0,1,1,1,0,2,2,7,0,1,1,3,0,0,67.33,D
S057,M,Proficient,1,5,4,3,3,1,1,3,3,3,3,1,1,7,4,5,1,3,2,1,5,3,4,3,2,1,2,11,10,107.5,A
S058,M,-,0,1,1,1,1,4,1,1,1,1,1,10,2,1,1,0,1,1,2,1,4,0,8,4,4,0,6,0,0,89.26,B
S059,M,Intermediate,2,1,4,1,1,3,1,1,3,2,1,0,1,2,2,0,2,1,1,1,1,4,1,15,20,7,4,15,27,87.29,B
S060,F,Beginner,2,2,2,3,2,2,1,1,0,0,0,0,0,0,0,0,1,1,1,1,1,1,1,0,0,0,0,0,0,15.59,F
S061,F,Intermediate,4,5,4,5,3,4,2,3,7,4,3,4,1,10,6,2,1,1,11,6,11,11,22,8,10,5,0,2,13,74.9,C
S062,F,Proficient,2,3,3,3,2,4,1,2,3,3,1,1,1,1,1,1,1,3,7,7,6,6,15,3,6,2,5,13,8,97.5,A
S063,F,Proficient,3,2,3,1,2,1,1,1,1,1,1,1,1,1,1,0,1,1,7,3,13,11,14,2,2,2,14,3,2,95.47,A
S064,M,-,0,0,0,0,0,0,0,0,0,0,0,0,0,0,0,0,0,0,0,0,0,0,0,0,0,0,0,0,0,-,F
S065,M,-,2,0,0,0,0,0,0,0,0,0,0,0,0,0,0,0,2,0,0,0,0,0,0,0,0,0,0,0,0,96,A
S066,F,Proficient,1,4,2,4,2,1,1,3,3,1,0,2,4,3,3,1,1,1,2,1,9,3,1,3,4,0,1,2,4,95.5,A
S067,M,-,4,1,2,3,1,1,1,1,1,1,1,2,1,1,1,1,3,0,10,2,0,5,2,0,1,2,0,4,1,79.2,C
S068,M,Intermediate,2,2,3,1,1,1,0,1,1,1,1,1,1,2,1,1,2,1,4,5,2,0,1,0,1,0,1,0,0,61.67,D
S069,M,Intermediate,1,2,4,1,6,3,2,2,1,6,3,3,2,7,2,1,1,1,4,1,4,3,8,11,1,6,1,9,9,100.2,A
S070,F,Intermediate,3,0,2,1,1,1,1,1,1,1,0,2,0,1,0,0,1,0,1,1,0,4,1,2,1,0,2,1,2,57.54,E
S071,M,-,1,0,0,0,0,0,0,0,0,0,0,0,0,0,0,0,1,0,0,0,0,0,0,0,0,0,0,0,0,1.86,F
S072,M,Proficient,2,2,1,2,1,2,1,2,2,1,1,1,3,1,2,1,1,3,5,2,4,2,3,2,10,1,2,4,6,99,A
S073,M,Intermediate,2,3,6,2,4,2,2,3,5,3,3,3,3,1,3,1,3,3,3,1,11,8,6,5,5,5,2,2,5,83.6,B
S074,F,Intermediate,2,5,6,4,3,3,2,2,3,3,2,3,2,2,2,1,1,1,11,15,10,5,3,10,5,2,3,1,5,91.2,A
S075,M,Expert,2,1,1,1,1,1,1,1,1,1,1,1,1,1,1,0,1,1,3,1,4,4,7,1,4,3,5,4,3,97.15,A
S076,M,Proficient,4,1,1,1,1,0,1,1,1,1,0,0,1,0,1,0,2,1,4,3,2,6,1,16,5,0,2,0,8,70.37,C
S077,F,Novice,3,4,2,4,3,1,1,3,2,2,1,1,1,3,1,1,2,2,5,1,4,4,0,0,3,0,0,0,0,61.3,D
S078,M,-,2,1,0,0,0,0,0,0,0,0,0,0,0,0,0,0,1,1,0,0,0,0,0,0,0,0,0,0,0,91,A
S079,M,Proficient,1,3,3,4,1,0,2,1,1,0,0,0,0,0,0,0,3,2,4,7,9,0,2,1,0,0,0,0,0,40.78,F
S080,F,Proficient,2,1,3,2,1,0,0,0,0,0,0,0,0,0,0,0,5,9,4,8,7,0,0,0,0,0,0,0,0,7.32,F
S081,M,Intermediate,5,2,3,2,3,1,1,3,1,2,1,1,1,1,1,2,1,1,3,1,4,2,8,3,8,1,4,1,1,87.66,B
S082,M,-,3,3,2,1,0,1,2,2,2,5,1,1,2,1,0,0,1,1,1,0,0,1,1,0,1,1,1,0,0,18.99,F
S083,M,Intermediate,1,0,0,0,0,0,0,0,0,0,0,0,0,0,0,0,0,0,0,0,0,0,0,0,0,0,0,0,0,0.31,F
S084,F,Proficient,4,4,2,5,3,4,4,3,2,1,1,2,1,4,1,0,1,2,10,2,8,14,16,7,3,2,2,7,0,61.1,D
S085,M,Intermediate,1,0,2,1,1,1,1,2,1,1,1,1,1,1,0,1,2,0,1,3,8,6,17,4,18,1,3,2,0,94.15,A
S086,M,-,1,3,2,1,1,1,1,1,2,1,1,1,1,1,1,1,1,3,3,0,1,3,7,4,2,2,2,6,2,88.12,B
S087,F,Beginner,1,3,1,1,3,2,1,2,1,1,1,1,1,5,3,1,2,1,2,2,8,1,2,3,4,7,4,2,7,74.5,C
S088,M,Proficient,4,3,3,2,2,1,3,3,1,4,1,1,1,0,1,0,9,10,4,2,1,3,7,18,2,0,0,0,0,48.27,F
S089,M,-,0,0,3,2,1,1,1,1,1,1,1,2,2,1,1,0,1,1,4,13,4,8,4,0,4,10,5,1,5,85.13,B
S090,M,Expert,4,1,1,1,1,1,1,1,2,1,1,1,1,1,1,1,1,1,2,5,6,3,9,3,3,4,6,4,4,97.95,A
S091,M,Intermediate,6,2,3,0,2,2,4,2,4,1,2,2,1,1,2,1,1,2,13,0,5,13,6,9,9,7,5,3,4,89.2,B
S092,M,Intermediate,1,0,3,2,1,1,1,1,2,1,1,1,1,0,0,1,1,0,0,3,5,0,0,0,0,0,0,0,0,85.66,B
S093,M,Expert,1,1,0,0,0,0,0,0,0,0,0,0,0,0,0,0,1,3,0,0,0,0,0,0,0,0,0,0,0,93,A
S094,M,-,13,1,3,4,3,1,1,1,0,0,0,0,0,0,0,0,4,3,9,5,0,0,0,0,0,0,0,0,0,18.26,F
S095,M,Beginner,1,0,1,1,1,0,0,0,0,0,0,0,0,0,0,0,0,0,0,0,0,0,0,0,0,0,0,0,0,7.34,F
S096,M,Proficient,1,1,0,0,0,0,0,0,0,0,0,0,0,0,0,0,1,0,0,0,0,0,0,0,0,0,0,0,0,100,A
S097,F,Novice,2,1,1,2,1,1,1,1,1,1,1,1,1,2,2,3,1,1,1,1,1,1,1,1,0,0,1,0,1,62.87,D
S098,M,Intermediate,4,4,3,5,2,5,2,1,2,1,3,2,2,2,2,1,1,2,2,2,7,5,5,4,3,3,1,3,3,102.1,A
S099,F,Proficient,2,2,3,2,3,2,1,1,2,1,1,1,1,1,1,1,1,3,2,1,2,2,11,2,1,3,1,2,1,103.5,A
S100,M,Proficient,3,1,2,2,3,1,3,1,1,1,1,2,2,1,1,1,2,1,13,1,1,2,8,1,5,4,19,5,4,99,A
S101,M,Proficient,1,1,3,1,1,1,1,2,1,1,1,0,1,0,0,0,1,1,2,1,5,0,1,2,3,0,1,2,0,59.14,E
S102,M,-,1,1,2,2,0,1,0,0,1,1,1,1,1,0,1,0,2,1,12,3,0,4,15,0,9,0,0,0,24,89.95,B
S103,F,Novice,3,6,3,7,4,4,2,3,4,4,2,1,1,2,2,1,1,1,7,1,4,4,8,7,5,4,1,2,0,91.9,A
S104,F,Novice,2,2,3,2,2,3,1,2,2,1,1,1,2,2,3,1,1,1,1,1,1,3,2,3,4,1,1,0,1,86.7,B
S105,M,Proficient,1,1,0,0,0,0,0,0,1,0,0,0,0,0,0,0,1,4,0,0,0,0,0,0,0,0,0,0,0,100,A
S106,M,-,5,4,1,3,1,1,0,0,0,0,0,0,0,0,0,0,5,4,0,0,0,0,0,0,0,0,0,0,0,2.73,F
S107,M,Intermediate,1,1,1,1,1,1,1,1,2,1,1,1,1,1,0,0,1,4,0,1,0,3,1,3,0,0,2,3,0,86.37,B
S108,M,-,1,1,1,1,1,1,1,1,1,1,1,1,1,1,0,0,1,1,7,1,8,1,6,1,3,0,7,3,0,95.47,A
S109,M,Intermediate,3,3,1,1,1,1,4,0,0,0,0,0,1,1,0,0,1,4,2,1,0,0,0,0,0,0,0,0,0,68.57,D
S110,F,Intermediate,3,3,4,2,3,6,2,8,10,4,4,2,5,1,3,2,1,4,5,3,5,5,16,6,0,0,4,8,8,92.3,A
S111,M,-,0,0,0,0,0,0,0,0,0,0,0,0,0,0,0,0,0,0,0,0,0,0,0,0,0,0,0,0,0,-,F
S112,M,-,0,0,0,0,0,0,0,0,0,0,0,0,0,0,0,0,0,0,0,0,0,0,0,0,0,0,0,0,0,-,F
S113,M,Intermediate,1,1,4,1,1,1,1,1,1,1,1,1,1,1,1,0,1,1,1,2,2,3,5,1,1,2,1,4,10,98.44,A
S114,F,Intermediate,6,12,5,5,10,3,1,3,4,1,4,2,5,5,4,2,1,1,13,1,1,9,2,7,5,1,4,9,2,93.8,A
S115,M,Proficient,3,1,2,1,0,1,1,1,1,0,0,0,0,0,0,0,1,1,5,7,1,2,1,0,0,0,0,0,0,32.37,F
S116,F,Intermediate,3,2,4,1,4,1,2,2,1,1,1,1,3,1,1,1,2,1,5,2,2,1,2,2,5,1,2,1,1,70.21,C
S117,F,Intermediate,2,4,2,4,3,3,2,1,3,2,1,1,1,1,3,1,1,1,3,1,5,13,20,2,4,7,6,2,17,98.24,A
S118,M,Intermediate,1,1,0,0,0,0,0,0,0,0,0,0,0,0,0,0,1,0,0,0,0,0,0,0,0,0,0,0,0,1.94,F
S119,M,-,5,2,3,2,2,2,1,1,1,1,1,1,1,2,1,1,3,1,1,1,1,1,1,1,1,1,1,1,4,60.18,D
S120,F,Beginner,6,0,3,5,7,0,5,5,7,6,6,5,7,2,3,3,0,0,1,1,1,2,5,1,3,0,1,2,4,92.78,A
S121,M,Proficient,7,3,9,3,4,1,1,3,2,1,1,2,4,2,1,1,1,1,2,4,11,4,3,5,6,4,3,0,0,90.29,A
S122,F,Beginner,1,1,6,1,5,2,1,1,1,1,1,1,2,5,2,2,1,1,1,4,3,3,1,6,3,1,1,2,3,93.5,A
S123,F,Proficient,2,2,2,1,1,1,1,1,1,2,1,3,0,1,1,1,1,1,2,1,3,2,1,3,5,1,0,1,1,61.67,D
S124,M,Expert,3,3,5,2,1,0,0,0,0,0,0,0,0,0,0,0,21,10,22,36,12,0,0,0,0,0,0,0,0,0.98,F
S125,M,-,0,0,0,0,0,0,0,0,0,0,0,0,0,0,0,0,0,0,0,0,0,0,0,0,0,0,0,0,0,-,F
S126,M,Expert,2,3,3,2,2,1,1,3,1,1,1,1,1,1,1,1,2,1,3,1,3,2,5,2,3,1,1,0,0,85.89,B
S127,M,Novice,3,7,14,5,12,1,2,1,3,1,1,1,2,2,1,1,4,4,16,4,14,13,3,16,3,3,2,0,0,63.43,D
S128,F,Proficient,2,4,3,3,3,2,1,1,2,2,2,1,1,1,0,0,2,3,9,7,13,8,18,7,10,1,5,0,0,58.77,E
S129,M,Proficient,1,1,2,1,1,2,1,1,1,1,1,2,2,1,1,1,1,1,2,1,21,4,5,2,3,1,3,2,0,71.57,C
S130,M,Intermediate,4,3,1,1,1,1,1,1,1,2,1,1,1,1,1,1,2,1,5,2,10,2,8,6,5,2,3,6,12,90.85,A
S131,M,Beginner,1,6,5,2,1,2,1,2,1,1,0,0,1,0,1,0,2,1,1,1,1,2,1,0,1,0,1,0,0,73.95,C
S132,F,Intermediate,4,6,4,9,6,8,6,11,15,7,8,3,4,4,6,3,1,2,7,4,13,2,8,11,16,5,3,2,26,59.86,E
S133,F,Intermediate,2,2,2,3,1,2,1,1,1,2,2,1,5,1,3,0,1,1,1,1,6,4,4,8,6,1,8,9,1,99.5,A
S134,F,Beginner,12,2,2,1,1,2,1,2,1,1,1,2,1,2,3,1,4,5,3,2,7,6,9,6,6,9,2,2,1,61.02,D
S135,F,Intermediate,3,5,5,2,1,1,5,2,1,1,1,1,1,0,1,1,1,6,1,0,0,1,1,1,3,1,2,0,1,76.73,C
S136,F,Proficient,4,2,6,6,5,1,1,4,2,2,3,1,1,2,2,1,1,1,2,2,2,4,3,2,2,7,6,0,1,84.17,B
S137,M,Proficient,2,2,0,1,2,5,3,3,3,3,2,2,1,1,1,1,2,1,0,4,0,6,19,0,2,0,10,29,76,85.98,B
S138,M,Proficient,1,4,4,5,5,1,1,4,1,1,1,1,1,2,1,1,2,2,3,4,4,3,4,3,2,1,2,3,5,98.5,A
S139,M,Expert,1,0,0,0,0,0,0,0,0,0,0,0,0,0,0,0,1,0,0,0,0,0,0,0,0,0,0,0,0,96,A
S140,M,Proficient,1,2,1,1,1,0,1,1,2,0,1,1,1,1,1,1,1,1,3,1,2,1,1,1,1,2,1,4,3,95.9,A
S141,M,Proficient,2,1,1,1,2,1,1,1,1,2,1,1,2,2,1,2,1,1,7,5,10,10,13,1,6,10,1,2,1,100,A
S142,M,Proficient,2,1,1,2,3,1,2,2,1,1,1,1,2,1,1,1,1,8,4,4,5,3,17,3,8,4,2,4,13,75.79,C
S143,M,-,1,2,1,1,1,1,1,1,0,1,1,2,2,2,2,1,3,2,3,1,5,4,8,13,7,7,2,9,8,95.35,A
S144,M,Proficient,5,2,2,1,1,1,1,3,2,2,1,1,1,1,1,1,2,3,3,7,5,2,4,1,2,1,2,5,1,99.4,A
S145,F,Proficient,1,1,1,1,4,1,1,3,1,1,1,1,1,1,1,1,3,1,2,6,4,3,2,1,4,1,3,1,3,97.02,A
S146,F,Novice,2,1,1,2,4,2,1,1,1,1,1,1,2,1,2,1,1,1,2,1,3,4,3,1,3,2,2,3,5,99.4,A
S147,M,-,2,2,3,1,4,2,1,2,2,2,13,0,0,0,0,0,3,1,6,7,3,8,2,10,0,0,0,0,0,23.62,F
S148,F,Novice,2,3,2,3,2,1,2,2,2,2,2,1,1,1,1,1,1,1,2,1,1,2,6,2,6,2,2,0,0,80.3,B
S149,M,Proficient,2,1,2,3,2,1,0,0,0,0,0,0,0,0,0,0,3,2,1,1,0,0,0,0,0,0,0,0,0,23.57,F
S150,F,Intermediate,2,2,1,1,2,1,1,1,1,1,1,1,1,1,1,1,1,1,9,6,8,8,16,3,12,9,3,1,6,95.25,A
S151,F,Intermediate,3,5,4,3,5,1,1,1,2,6,1,1,0,0,0,0,1,1,1,1,1,0,0,1,1,0,0,0,1,53.9,E
S152,F,Intermediate,1,1,1,1,1,1,1,0,0,0,0,0,0,0,0,0,1,1,3,2,13,0,0,0,0,0,0,0,0,24.75,F
S153,M,Proficient,1,1,1,2,1,2,1,1,2,2,1,2,1,1,2,2,1,6,12,10,6,7,6,4,7,6,2,1,1,88.73,B
S154,M,Proficient,4,3,3,1,1,2,1,1,1,2,1,1,2,2,3,1,1,3,10,1,4,3,5,7,6,2,0,12,5,92,A
S155,F,Proficient,1,1,2,2,5,3,1,1,2,1,2,1,1,1,1,1,1,1,1,1,1,1,1,1,2,2,3,1,2,76.04,C
S156,M,-,1,0,0,0,0,0,0,0,0,0,0,0,0,0,0,0,1,0,1,1,1,0,0,0,0,0,0,0,0,7.38,F
S157,F,Intermediate,5,2,2,2,1,3,2,2,0,2,1,0,0,1,0,1,2,2,1,3,17,4,4,7,0,4,0,4,0,86.72,B
S158,M,Intermediate,3,5,3,1,1,2,1,1,1,1,1,1,1,1,1,1,1,1,2,4,1,6,4,11,0,2,3,0,0,85.03,B
S159,M,Novice,2,3,1,2,5,2,3,1,1,1,1,1,0,1,0,0,3,2,8,5,25,6,18,5,4,5,0,2,0,83.79,B
S160,F,Novice,3,4,5,3,7,5,2,2,2,3,2,5,1,4,1,1,1,1,19,2,12,2,20,3,8,13,4,1,0,80.7,B
S161,F,Proficient,0,0,0,0,0,0,0,0,0,0,0,0,0,0,0,0,0,0,0,0,0,0,0,0,0,0,0,0,0,-,F
S162,M,Expert,2,5,0,0,0,0,0,0,0,0,0,0,0,0,0,0,1,1,0,0,0,0,0,0,0,0,0,0,0,90,A
S163,M,-,0,0,0,0,0,0,0,0,0,0,0,0,0,0,0,0,0,0,0,0,0,0,0,0,0,0,0,0,0,-,F
S164,F,Novice,15,10,9,5,3,8,2,4,2,1,1,2,2,1,1,1,1,10,20,1,8,1,5,1,1,2,1,1,1,60.15,D
S165,M,Intermediate,4,4,5,4,4,3,1,1,2,1,1,1,1,1,1,1,2,1,6,2,4,3,4,1,3,1,3,0,0,92.8,A
S166,F,Proficient,8,7,5,5,6,3,3,1,3,0,3,2,1,3,2,1,1,1,4,4,2,3,3,2,0,4,1,0,4,89.15,B
S167,M,Intermediate,2,2,1,2,2,4,1,3,5,2,3,3,1,3,3,1,3,1,1,1,2,1,2,2,3,1,2,2,4,105,A
S168,F,Proficient,2,3,2,1,1,0,1,1,1,1,1,1,1,2,1,0,2,1,5,12,6,5,5,4,4,2,14,1,0,87.21,B
S169,F,Intermediate,2,4,3,3,3,2,1,1,1,1,1,1,1,1,2,1,1,1,8,6,2,1,14,12,3,4,2,2,4,94.4,A
S170,M,Intermediate,5,5,1,3,3,1,1,1,1,1,1,1,0,0,0,0,2,1,18,2,6,5,5,14,12,0,3,0,0,88.64,B
S171,F,Intermediate,7,5,1,1,1,8,2,4,5,1,1,1,5,6,3,2,1,3,7,6,10,5,5,5,6,4,3,3,2,87,B
S172,M,Intermediate,6,4,2,1,1,1,0,0,0,1,0,1,0,0,1,0,1,2,1,2,1,0,0,0,0,0,2,0,4,32.24,F
S173,M,Intermediate,1,2,1,1,1,0,1,1,1,2,1,1,3,1,2,1,1,2,3,2,3,4,4,2,5,1,1,4,3,97.5,A
S174,M,Expert,5,3,4,4,4,1,1,2,2,1,2,1,3,1,0,1,1,1,3,4,3,4,6,2,1,1,1,10,0,98.18,A
S175,M,Intermediate,1,2,2,2,1,0,1,1,1,1,1,0,1,1,0,0,2,1,3,3,0,3,6,1,8,0,3,3,0,94.08,A
S176,F,Intermediate,2,4,3,3,3,3,1,4,3,2,1,1,1,4,2,1,2,3,2,1,7,7,8,4,7,3,2,5,1,94,A
S177,F,Intermediate,4,4,4,3,3,3,3,2,2,2,2,2,1,4,1,1,1,2,3,14,5,4,13,6,6,9,3,9,13,81.4,B
S178,M,-,4,6,12,6,10,6,7,6,8,7,7,4,3,3,2,4,2,3,8,1,15,9,12,20,10,6,3,2,32,87.25,B
S179,F,Novice,13,9,11,13,6,4,2,3,4,2,2,1,1,2,3,2,1,1,1,1,2,3,1,4,9,2,1,1,9,60.3,D
S180,M,-,1,1,0,0,0,0,0,0,0,1,0,0,0,0,0,0,2,0,0,0,0,0,0,0,0,0,0,0,0,100,A
S181,M,-,4,3,3,5,1,2,1,2,1,1,1,1,1,2,2,1,1,3,27,3,9,13,11,5,6,1,2,4,2,95,A
S182,M,-,3,2,0,0,1,1,0,0,0,0,0,0,0,0,0,0,1,0,0,0,0,0,0,0,0,0,0,0,0,9.62,F
S183,M,Intermediate,1,0,1,1,0,1,1,0,0,0,0,0,11,8,0,0,2,1,0,0,0,0,0,0,0,0,1,0,0,20.96,F
S184,M,Proficient,3,3,2,1,2,2,1,1,2,1,1,1,1,4,3,1,1,2,1,1,5,3,1,1,10,2,2,3,6,83.7,B
S185,M,Intermediate,2,4,3,2,2,2,1,1,2,1,1,1,1,1,1,1,2,1,5,1,3,3,3,2,4,4,2,11,6,98.57,A
S186,F,Novice,7,2,4,3,1,1,3,2,1,1,1,2,1,1,1,1,2,3,1,1,6,5,6,1,12,0,0,1,0,33.03,F
S187,F,Novice,4,2,1,1,1,2,1,1,1,1,1,1,0,0,0,0,2,2,9,1,4,3,5,7,7,2,0,0,0,48.35,F
S188,F,-,4,1,0,0,0,1,1,0,0,0,0,0,0,0,0,0,0,0,0,0,0,0,0,0,0,0,0,0,0,0.3,F
S189,M,Intermediate,3,0,2,1,2,2,1,1,1,1,1,1,1,0,0,0,1,0,0,1,1,2,9,3,4,3,1,0,0,74.47,C
S190,F,Beginner,3,2,1,1,2,2,2,1,2,1,1,3,1,2,2,2,1,1,9,4,0,6,1,1,1,1,1,1,1,81.03,B
S191,M,-,1,3,4,1,1,1,1,2,0,1,1,1,0,0,2,1,0,0,6,5,0,1,0,0,0,0,0,0,6,50.95,F
S192,M,Novice,2,1,1,1,1,5,2,6,2,1,1,1,1,2,1,1,1,1,1,1,1,1,4,2,1,1,1,0,0,80.53,B
S193,M,Proficient,1,5,4,3,4,3,1,1,3,3,1,3,1,2,5,0,1,1,1,7,5,4,2,1,2,1,6,3,1,99.18,A
S194,M,-,1,1,1,1,2,1,1,2,1,1,1,1,1,1,1,2,1,2,6,2,7,2,1,8,3,1,4,3,1,100.8,A
S195,M,-,2,1,2,5,6,3,4,4,5,2,6,4,18,3,2,1,2,2,6,2,8,6,21,2,9,7,2,4,9,106.8,A
S196,M,Intermediate,2,2,4,2,2,2,1,1,1,1,1,1,2,1,7,1,1,11,9,8,8,10,13,18,0,4,1,0,0,86.76,B
S197,M,Proficient,1,5,3,1,8,8,1,1,2,1,3,1,2,1,1,2,2,1,18,3,6,4,6,5,5,3,8,5,2,91.67,A
S198,M,Proficient,1,4,3,1,1,1,1,1,2,1,3,1,3,2,2,1,1,2,10,4,4,3,17,9,3,10,1,3,1,98,A
S199,M,Proficient,2,5,4,4,7,3,2,4,3,3,2,3,2,3,2,1,1,1,2,3,4,6,4,2,2,2,6,3,18,105.4,A
S200,M,Proficient,1,4,1,1,2,1,1,1,1,1,1,1,1,1,1,1,1,0,3,1,2,1,1,1,1,0,1,1,1,93.98,A
S201,F,Novice,3,4,3,4,5,2,1,1,5,2,2,1,1,3,1,2,1,2,5,1,2,2,4,2,2,1,2,1,3,96.3,A
S202,F,Proficient,2,3,3,2,2,1,1,1,1,1,1,1,2,2,1,2,2,1,2,3,10,9,8,4,10,7,1,31,10,99,A
S203,F,Proficient,4,3,10,4,7,3,3,2,4,3,3,2,1,3,1,1,3,1,4,8,16,3,9,11,7,18,3,5,5,93.11,A
S204,M,Proficient,1,2,1,1,3,0,3,2,2,3,3,0,1,1,1,1,0,1,1,5,3,0,0,4,0,0,1,2,14,70.36,C
S205,M,-,0,0,0,0,0,0,0,0,0,0,0,0,0,0,0,0,0,0,0,0,0,0,0,0,0,0,0,0,0,-,F
S206,M,Expert,3,3,5,3,3,2,1,3,4,1,1,1,1,1,1,1,1,2,2,2,5,1,2,4,2,1,1,2,1,106,A
S207,M,Proficient,1,2,1,2,1,1,1,1,2,1,1,1,0,1,1,1,2,2,9,21,2,4,12,14,7,3,0,1,0,94.68,A
S208,M,Intermediate,1,3,4,2,2,2,1,2,3,1,3,2,2,3,2,2,1,5,7,4,6,1,10,1,3,2,3,4,2,98.8,A
S209,F,Novice,4,9,3,6,3,3,1,1,1,1,1,1,1,1,2,1,1,1,9,1,3,1,3,1,1,1,2,1,1,77.06,C
S210,F,Intermediate,1,2,0,2,2,0,0,1,1,2,1,2,1,3,2,3,1,1,6,6,2,0,5,9,8,2,2,1,4,85.24,B
S211,M,Intermediate,2,4,6,2,3,4,4,2,5,5,1,1,3,3,1,2,1,1,3,3,5,3,4,8,3,2,2,7,2,96,A
S212,M,-,1,0,0,0,0,0,0,0,0,0,0,0,0,0,0,0,3,0,0,0,0,0,0,0,0,0,0,0,0,98,A
S213,M,Expert,1,1,0,0,0,0,0,0,0,0,0,0,0,0,0,0,1,1,0,0,0,0,0,0,0,0,0,0,0,2.83,F
S214,M,-,1,1,1,1,1,1,1,1,1,1,1,1,1,1,1,1,2,1,4,3,2,3,3,2,1,2,3,8,4,104.1,A
S215,F,Intermediate,1,2,1,1,1,1,2,2,2,2,4,2,2,3,1,1,3,3,16,3,10,14,23,10,10,21,1,0,0,84,B
S216,M,Expert,3,3,0,0,0,0,0,0,0,0,0,0,0,0,0,0,1,1,0,0,0,0,0,0,0,0,0,0,0,99.5,A
S217,M,Proficient,1,1,5,4,3,5,1,2,2,2,1,2,1,1,1,1,1,2,5,1,5,2,12,1,1,2,1,2,4,100.5,A
S218,F,Expert,1,2,0,0,0,0,0,0,0,0,0,0,0,0,0,0,1,1,0,0,0,0,0,0,0,0,0,0,0,96,A
S219,M,Proficient,2,2,1,1,2,1,1,1,1,1,1,1,2,1,1,1,1,1,2,2,1,7,4,1,1,0,1,0,3,91.48,A
S220,M,Intermediate,3,3,3,2,2,1,2,2,1,4,1,1,1,1,1,1,1,1,18,3,6,11,21,2,11,8,1,0,0,94.44,A
S221,M,Intermediate,2,3,4,1,1,3,1,4,1,2,1,3,0,1,2,2,1,2,3,1,5,7,8,8,2,2,0,3,1,99.35,A
S222,F,Novice,1,1,1,1,1,0,1,0,0,0,2,1,1,1,1,0,1,2,1,1,1,1,0,0,0,2,1,0,0,52.72,E
S223,F,-,1,0,3,1,1,2,1,2,0,0,0,0,0,1,0,0,2,0,1,1,2,1,1,0,0,0,0,0,0,18.56,F
S224,M,Proficient,3,2,1,1,1,0,1,1,1,1,1,3,1,2,1,1,2,1,8,2,7,3,3,2,4,0,1,2,5,93.5,A
S225,M,Novice,1,2,2,2,1,1,1,0,1,1,0,1,1,1,0,1,1,1,0,1,1,1,0,1,1,0,2,1,0,88.92,B
S226,M,-,2,3,1,1,2,1,1,1,1,1,1,1,1,0,1,1,1,0,0,1,1,1,1,1,1,1,1,0,0,17.36,F
S227,M,-,1,0,0,1,3,1,1,2,1,1,0,1,1,1,0,1,1,2,1,1,0,8,2,3,3,1,1,7,5,91.84,A
S228,M,Beginner,1,3,2,2,1,0,0,0,1,1,0,0,0,0,0,1,2,3,1,4,4,1,0,0,3,0,0,0,0,10.21,F
S229,M,Proficient,2,3,3,1,1,1,1,1,1,1,1,1,1,3,2,1,1,1,4,1,3,3,3,2,3,1,1,1,1,78.7,C
S230,M,Proficient,3,1,4,2,3,1,1,3,1,1,1,1,1,1,2,1,2,1,11,2,10,3,4,2,8,0,0,0,7,68.72,D
S231,M,Beginner,3,2,1,1,3,3,1,2,1,1,1,1,1,1,1,1,1,1,2,1,8,1,0,3,10,1,3,0,0,79.85,C
S232,M,Proficient,5,4,5,10,6,3,1,3,7,8,6,2,3,3,1,1,1,2,4,15,7,7,2,7,1,3,2,1,0,60.5,D
S233,M,Proficient,3,1,2,1,1,2,1,2,1,1,1,2,1,2,2,1,1,3,1,1,4,2,10,3,2,4,2,9,11,98.5,A
S234,F,Expert,1,0,0,0,0,0,0,0,0,0,1,0,0,0,0,0,3,0,0,0,0,0,0,0,0,0,0,0,0,1.37,F
S235,M,Novice,6,5,4,5,5,1,1,1,1,1,0,1,2,1,0,1,3,1,1,1,6,1,3,4,3,0,2,0,0,96.46,A
S236,M,Novice,1,1,6,3,6,0,0,0,0,0,0,0,0,0,0,0,3,0,1,0,1,0,0,0,0,0,0,0,0,6.61,F
S237,F,Proficient,7,14,5,4,4,14,6,4,7,2,2,1,3,2,3,5,1,2,6,6,6,3,12,7,10,2,2,1,2,77.9,C
S238,F,Proficient,1,2,4,1,2,1,1,1,1,1,2,1,1,1,1,1,1,1,4,2,1,4,2,5,2,3,1,3,1,100.5,A
S239,M,Beginner,3,5,3,2,4,2,2,2,2,2,2,1,3,2,3,2,1,1,1,1,2,1,0,1,1,0,1,0,0,42.53,F
S240,M,Beginner,1,5,3,1,5,4,1,3,1,1,1,2,1,1,1,1,1,2,1,1,1,1,1,1,1,1,1,1,1,56.66,E
S241,F,Intermediate,5,6,4,4,4,1,1,3,2,1,2,1,1,1,2,2,1,1,4,1,2,1,8,1,2,6,1,2,7,96.5,A
S242,M,Proficient,2,5,1,3,2,4,1,3,1,1,1,1,2,5,2,1,2,3,5,5,3,2,10,1,1,2,1,1,1,96.5,A
S243,M,Novice,1,3,6,4,3,3,1,1,1,1,1,1,1,1,1,1,3,4,14,1,6,4,11,2,1,1,3,1,0,91.4,A
S244,M,Expert,2,0,0,0,0,0,0,0,0,0,0,0,0,0,0,0,4,0,0,0,0,0,0,0,0,0,0,0,0,100,A
S245,M,Beginner,1,1,2,1,1,1,1,1,0,0,0,0,0,0,0,0,1,1,1,1,1,3,1,0,0,0,0,0,0,29.17,F
S246,M,Intermediate,2,3,3,1,2,1,1,2,1,1,1,1,1,2,1,1,1,4,1,1,7,1,1,2,1,0,1,0,0,81.89,B
S247,M,Intermediate,10,2,5,3,1,1,1,1,1,1,1,1,1,1,1,1,1,3,17,1,7,2,1,5,6,2,4,2,8,70.87,C
S248,F,Novice,6,7,5,7,5,3,2,7,9,5,3,4,5,6,4,1,1,1,7,3,3,13,6,7,1,3,9,9,6,90.2,A
S249,M,Intermediate,1,1,4,1,4,3,1,2,1,1,2,1,1,1,1,1,1,3,3,6,6,4,3,7,7,13,8,2,0,87.57,B
S250,M,Proficient,1,1,1,1,1,1,1,1,1,1,1,1,1,1,0,0,1,3,3,13,4,6,1,0,9,0,0,0,0,85.5,B
S251,M,Novice,3,6,5,4,4,2,2,3,2,1,1,2,2,3,2,2,1,1,2,1,1,1,1,1,1,3,1,1,3,92.59,A
S252,F,Novice,1,4,8,5,4,1,2,3,2,3,3,2,3,4,3,2,1,2,1,1,1,1,1,0,2,0,3,0,0,57.62,E
S253,M,Proficient,3,5,3,3,3,2,2,2,4,5,3,3,3,3,3,3,1,1,13,1,3,6,4,2,7,3,5,4,3,97,A
S254,M,Expert,0,0,1,2,1,1,1,0,1,1,1,1,1,1,1,0,0,0,1,2,10,12,0,8,3,1,2,38,14,90.67,A
S255,F,Intermediate,4,2,2,2,1,1,4,2,2,1,2,1,1,2,1,1,2,1,5,3,2,9,5,5,11,6,2,0,5,81.89,B
S256,M,Intermediate,3,10,8,7,3,4,2,3,7,1,1,2,8,5,3,1,1,1,12,9,21,6,21,6,5,3,5,2,2,95.6,A
S257,F,Beginner,4,6,2,3,2,2,2,2,1,1,2,3,1,1,1,1,1,1,2,1,1,1,4,9,18,0,5,2,1,61.27,D
S258,M,Proficient,4,3,3,3,1,3,2,1,1,1,1,1,1,1,0,1,1,4,4,1,15,9,0,2,2,0,1,0,0,92.79,A
S259,M,Intermediate,8,5,2,8,4,1,1,3,3,1,1,1,1,2,1,1,5,9,20,11,13,3,14,4,10,1,6,8,3,99.14,A
S260,M,Expert,1,2,2,1,1,1,1,1,1,2,1,1,1,1,2,1,2,2,2,2,4,6,4,2,3,1,3,2,3,101,A
S261,M,-,2,1,3,3,1,0,1,1,2,1,1,1,1,1,1,1,1,2,1,2,6,7,1,1,1,0,1,1,1,62.48,D
S262,F,Proficient,7,5,4,3,2,0,1,2,2,0,1,1,1,0,0,1,1,1,6,7,3,4,4,0,0,5,1,0,0,72.85,C
S263,F,Beginner,3,4,4,3,5,4,1,2,3,2,2,2,1,2,1,1,1,2,4,1,5,1,3,2,1,1,1,1,2,59.68,E
S264,M,Expert,3,3,1,1,1,1,1,2,5,2,2,2,3,2,4,1,1,1,2,1,3,1,4,1,1,2,1,4,4,100,A
S265,M,Proficient,1,1,1,1,1,1,1,1,2,1,1,1,1,1,2,1,1,1,4,2,3,1,12,5,4,2,1,1,2,102,A
S266,F,Intermediate,3,3,5,2,3,2,1,1,2,1,1,1,3,3,2,1,1,1,3,7,5,4,17,5,4,2,2,2,6,101,A
S267,M,-,1,5,3,1,1,4,5,2,1,1,1,2,1,0,3,1,1,3,1,1,1,0,1,0,6,2,0,0,3,72.98,C
S268,F,Novice,8,0,2,1,1,0,1,1,0,0,0,0,0,0,0,0,1,1,1,0,1,1,0,1,1,0,0,0,0,60.39,D
S269,F,Beginner,3,3,2,4,0,0,1,1,2,1,1,2,1,1,1,1,1,1,3,2,0,1,3,1,2,0,0,1,0,53.47,E
S270,M,Proficient,2,4,0,0,0,0,0,0,0,0,0,0,0,0,0,0,1,1,0,0,0,0,0,0,0,0,0,0,0,91,A
S271,M,-,2,4,5,2,1,1,3,1,4,1,2,2,1,1,0,1,1,4,4,4,0,0,0,0,0,0,14,0,0,67.68,D
S272,F,Beginner,2,1,2,2,2,2,2,2,2,1,2,1,1,2,1,1,1,1,5,3,1,10,5,8,6,4,1,2,1,98.6,A
S273,F,Intermediate,6,5,10,12,6,6,5,3,12,9,1,6,20,10,3,2,3,2,13,9,5,7,8,8,14,13,7,4,8,63.5,D
S274,F,Intermediate,4,3,2,2,4,1,1,1,1,4,1,2,1,3,3,0,2,2,0,0,2,1,4,0,3,0,5,0,3,65.4,D
S275,M,Proficient,3,2,2,2,1,1,1,2,2,3,2,1,1,1,0,0,1,1,3,2,4,0,2,1,7,0,2,0,0,58.28,E
S276,F,-,0,0,0,0,0,0,0,0,0,0,0,0,0,0,0,0,0,0,0,0,0,0,0,0,0,0,0,0,0,-,F
S277,F,Intermediate,3,3,3,3,2,2,2,3,3,2,2,2,1,2,2,2,2,3,12,4,1,6,7,7,17,7,2,3,2,78.84,C
S278,M,Intermediate,2,5,1,1,2,3,1,3,1,2,1,1,1,0,0,0,1,1,2,1,1,1,1,1,1,1,0,0,0,20.39,F
S279,F,Proficient,5,4,3,5,4,2,1,1,2,1,1,0,3,6,3,0,1,4,12,22,7,1,0,0,0,1,0,0,0,60.94,D
S280,M,-,0,0,1,0,0,0,0,0,0,0,0,0,0,0,0,0,0,0,0,0,0,0,0,0,0,0,0,0,0,0,F
S281,M,Proficient,1,0,1,2,1,0,0,0,0,0,0,0,0,0,0,0,2,0,1,1,1,0,0,0,0,0,0,0,0,22.27,F
S282,M,-,2,2,1,1,1,0,0,1,1,1,1,0,1,1,1,0,3,4,8,1,4,2,1,2,3,1,1,1,1,85.73,B
S283,F,Proficient,6,3,2,6,3,2,1,4,2,2,4,2,1,3,3,2,2,2,4,3,4,5,4,3,2,3,3,1,5,99.3,A
S284,M,Intermediate,1,2,4,2,3,1,2,1,2,2,1,1,2,1,1,1,1,2,10,2,7,6,8,4,5,6,1,1,2,94.38,A
S285,M,Intermediate,1,7,1,1,2,2,1,1,1,1,1,1,1,1,1,1,1,1,4,1,5,2,1,1,0,2,2,0,0,62.71,D
S286,M,Proficient,1,1,1,1,1,1,1,1,1,1,1,1,1,1,0,1,1,3,28,2,5,6,10,2,4,2,3,0,0,92.74,A
S287,M,Novice,1,2,1,1,1,1,1,1,2,1,2,1,1,2,2,3,1,2,2,2,6,2,4,8,9,0,2,0,0,76.26,C
S288,M,Beginner,1,3,1,1,1,1,2,1,2,1,1,1,1,0,0,0,2,4,8,14,2,4,10,21,13,6,3,0,0,82.95,B
S289,F,Proficient,2,3,4,6,3,1,1,2,2,2,2,3,1,2,1,2,1,1,1,1,4,2,2,3,1,1,2,3,6,102.5,A
S290,M,Proficient,1,1,1,1,1,1,0,0,1,0,0,0,0,0,0,0,1,1,1,2,6,6,3,3,1,0,2,0,9,86.72,B
S291,M,Proficient,1,2,1,1,4,1,1,1,3,1,1,2,2,2,1,1,2,1,2,4,5,4,4,1,4,4,1,2,4,99.6,A
S292,M,Expert,2,0,1,2,1,1,1,1,1,1,1,1,2,1,1,1,1,0,1,1,4,1,1,1,2,0,2,3,2,84.1,B
S293,F,Proficient,7,8,3,2,1,1,1,6,2,3,2,3,4,5,3,1,1,3,10,2,6,3,6,2,3,5,2,10,2,100,A
S294,M,Proficient,1,0,0,0,0,0,0,0,0,0,0,0,0,0,0,0,1,0,0,0,0,0,0,0,0,0,0,0,0,97,A
S295,F,Novice,5,4,4,2,2,1,2,2,5,2,2,2,2,1,2,1,1,2,4,2,5,3,11,8,3,4,1,2,0,76.85,C
S296,M,-,2,2,1,1,2,1,1,2,2,1,1,1,1,1,1,1,0,0,1,1,1,6,13,1,4,4,0,8,0,92.25,A
S297,M,Beginner,2,2,2,2,3,1,1,1,1,1,1,2,3,1,2,1,2,1,4,2,6,4,8,5,4,2,1,3,8,100.4,A
S298,M,Expert,2,3,1,1,2,1,1,2,2,1,1,1,3,2,2,1,2,2,6,2,3,5,3,2,6,2,2,4,8,97.57,A
S299,F,Intermediate,4,3,3,2,4,1,1,2,5,2,3,2,4,4,2,0,1,1,8,9,8,2,6,5,2,11,2,0,0,84.44,B
S300,M,Expert,3,0,4,2,1,1,1,1,1,0,1,2,1,2,1,0,2,0,8,1,0,5,0,2,0,4,8,9,0,76.78,C
S301,M,-,0,0,2,2,1,1,1,2,1,1,0,1,1,1,3,1,0,0,10,4,14,0,6,6,10,1,2,0,3,45.27,F
S302,M,-,1,2,1,1,1,2,1,1,1,1,1,1,1,1,1,1,1,1,1,1,1,1,1,1,1,1,1,2,1,99.34,A
S303,M,Proficient,2,2,1,3,3,2,1,2,2,1,2,1,2,3,3,3,1,1,5,5,5,8,4,4,10,0,4,0,0,87.3,B
S304,F,Novice,3,5,2,1,7,2,3,1,3,2,1,1,1,3,3,1,2,2,1,2,4,1,1,1,4,4,3,2,1,61.29,D
S305,M,Novice,2,1,3,4,6,1,2,2,1,1,1,2,2,1,0,0,2,10,4,1,6,1,14,1,4,1,1,1,0,83.26,B
S306,M,Intermediate,2,4,1,1,1,1,1,1,1,1,1,1,1,0,0,1,2,4,22,6,1,7,14,3,6,4,4,0,0,59.95,E
S307,M,-,2,0,0,1,1,1,1,1,1,0,1,0,1,1,1,0,1,2,4,1,2,1,2,3,2,1,2,1,3,77.38,C
S308,M,Intermediate,1,1,1,2,1,1,1,1,1,1,1,2,1,1,0,0,1,3,3,1,1,4,3,1,4,2,1,1,0,34.49,F
S309,M,Novice,6,4,14,13,16,6,2,5,6,3,4,3,10,9,4,2,1,11,11,4,6,9,18,10,10,2,3,3,8,92.4,A
S310,M,-,0,0,0,0,0,0,0,0,0,0,0,0,0,0,0,0,0,0,0,0,0,0,0,0,0,0,0,0,0,100,A
S311,M,Expert,1,1,0,0,0,0,0,0,0,0,0,0,0,0,0,0,1,0,0,0,0,0,0,0,0,0,0,0,0,100,A
S312,M,Intermediate,2,2,1,2,2,2,1,2,1,1,1,3,1,3,3,1,3,1,1,2,5,4,5,1,3,1,1,3,3,97.9,A
S313,M,Intermediate,2,1,1,1,1,1,0,1,1,1,1,0,1,1,1,1,1,4,3,1,1,8,1,18,3,1,2,1,1,80.24,B
S314,F,Novice,3,2,4,2,1,2,3,2,2,1,1,1,1,1,2,1,1,0,1,1,0,2,4,3,8,5,1,0,7,101.49,A
S315,M,Proficient,1,0,0,0,0,0,0,0,0,0,0,0,0,0,0,0,1,0,0,0,0,0,0,0,0,0,0,0,0,91,A
S316,M,Proficient,1,1,2,2,2,1,1,1,1,1,1,1,1,2,3,1,2,3,6,2,5,3,4,5,3,4,3,3,4,98,A
S317,M,Intermediate,3,5,5,4,4,4,2,3,4,4,3,3,3,1,2,3,1,1,1,3,9,3,5,3,2,1,2,3,3,101,A
S318,F,Intermediate,4,3,0,1,0,0,0,0,0,0,0,0,0,0,0,0,2,5,0,0,0,0,0,0,0,0,0,0,0,3.22,F
S319,M,-,3,1,1,1,2,2,2,1,1,0,1,2,1,0,1,1,1,3,2,5,7,2,9,2,2,1,3,0,3,68.65,D
S320,M,Novice,2,1,2,1,2,1,1,1,1,1,1,1,1,2,2,1,2,1,2,1,16,4,15,10,2,2,6,4,8,93.76,A
S321,F,Intermediate,1,4,1,2,3,3,1,3,2,2,2,2,1,2,2,1,1,2,8,1,15,3,7,9,2,2,2,1,8,94.9,A
S322,M,Expert,1,1,0,0,0,0,0,0,0,0,0,0,0,0,0,0,2,1,0,0,0,0,0,0,0,0,0,0,0,100,A
S323,M,Proficient,3,3,3,2,1,1,1,3,2,1,1,2,1,1,0,0,3,4,6,3,6,9,5,5,7,2,3,1,0,71.56,C
S324,M,-,0,0,0,0,0,0,0,0,0,0,0,0,0,0,0,0,0,0,0,0,0,0,0,0,0,0,0,0,0,0,F
S325,F,Novice,3,1,1,1,2,1,1,2,3,1,3,1,2,2,3,1,2,3,5,2,4,3,1,5,4,1,1,2,2,97.29,A
S326,M,Intermediate,3,4,4,3,1,2,0,2,2,3,1,1,2,1,1,1,1,3,4,2,7,2,1,4,2,1,1,3,1,98.91,A
S327,F,Novice,3,3,4,3,1,1,1,1,1,2,1,2,1,1,1,1,2,2,11,4,8,1,6,1,1,1,1,1,0,76.76,C
S328,M,Intermediate,5,7,2,5,3,1,1,2,1,1,1,0,1,3,1,1,1,3,2,1,3,1,13,5,1,0,4,1,1,70.56,C
S329,F,Beginner,8,6,7,4,5,1,1,6,7,2,5,3,7,6,5,8,1,3,7,3,7,8,19,14,8,3,2,1,5,74.9,C
S330,F,Intermediate,3,4,3,3,4,5,1,1,7,3,2,2,2,3,2,2,1,9,2,2,6,3,8,1,2,1,2,1,2,90.8,A
S331,M,-,1,0,0,0,0,0,0,0,0,0,0,0,0,0,0,0,1,0,0,0,0,0,0,0,0,0,0,0,0,100,A
S332,M,Intermediate,4,4,9,3,5,2,2,3,1,2,1,6,4,6,5,2,2,3,1,3,17,4,6,0,0,0,3,0,0,65.78,D
S333,F,-,2,3,2,1,1,1,1,2,2,1,1,1,1,2,1,1,1,1,3,1,1,5,3,5,4,2,2,2,1,80,B
S334,M,Proficient,2,2,2,1,3,4,1,2,6,2,4,2,3,2,5,2,3,3,6,6,9,3,26,5,5,2,5,1,9,91.7,A
S335,F,Intermediate,1,1,2,1,2,1,1,3,4,1,1,1,1,2,2,1,1,2,3,1,5,0,3,6,5,0,1,3,0,82.71,B
S336,M,Proficient,1,0,0,0,0,0,0,0,0,0,0,0,0,0,0,0,8,0,11,0,0,0,0,0,0,0,0,0,0,1.04,F
S337,M,Novice,2,1,1,0,0,1,0,0,0,0,0,0,0,0,0,0,1,1,2,0,0,0,0,0,0,0,0,0,0,22.8,F
S338,M,Beginner,3,2,4,1,4,1,1,1,1,1,1,1,1,3,1,2,1,2,17,2,5,10,5,13,7,2,1,2,7,95,A
S339,F,Novice,2,2,3,1,4,1,2,2,1,1,3,2,1,1,2,1,1,1,2,1,3,4,7,1,5,15,1,2,4,84,B
S340,M,-,2,2,1,2,1,1,1,1,2,1,0,1,1,0,2,0,2,1,6,0,0,1,1,0,0,0,0,0,0,22.53,F
S341,M,Intermediate,7,3,6,4,4,3,3,2,4,2,3,4,2,12,3,2,1,3,6,3,4,2,4,1,3,3,2,4,1,99.4,A
S342,M,Expert,3,4,2,2,1,1,1,1,2,1,1,1,1,1,2,1,2,1,2,2,1,1,3,2,5,3,1,3,3,102,A
S343,F,Proficient,5,3,2,6,5,1,1,1,2,1,1,1,1,1,1,1,1,3,5,2,3,9,4,4,12,2,8,1,6,98.1,A
S344,M,Proficient,6,6,3,2,3,2,1,2,3,2,1,3,1,1,2,1,1,4,8,2,4,3,10,5,4,0,2,5,0,97.3,A
S345,F,Intermediate,1,1,1,1,1,0,0,3,2,0,1,0,1,0,3,0,1,1,1,0,1,0,0,0,0,0,1,0,1,44.09,F
S346,M,Intermediate,3,3,3,3,3,3,3,2,3,2,1,2,1,3,2,0,1,1,11,2,3,2,9,3,2,2,1,4,1,102.3,A
S347,F,Intermediate,2,6,2,2,3,1,4,3,2,3,2,2,1,2,1,1,1,4,2,3,7,6,5,3,11,4,4,2,1,75.18,C
S348,M,Proficient,2,5,2,2,3,2,2,1,1,1,2,1,2,1,1,1,1,2,23,1,3,5,11,5,4,3,5,2,4,97.77,A
S349,M,Intermediate,4,4,2,1,1,2,1,1,1,2,1,3,2,1,2,1,1,4,21,11,5,4,5,3,11,1,4,10,10,77.42,C
S350,F,Proficient,2,3,2,3,3,2,2,2,3,1,1,3,3,2,2,1,1,3,3,1,4,9,10,5,3,1,3,10,3,96.5,A
S351,M,Intermediate,1,3,2,1,1,1,0,1,1,1,0,1,1,0,2,0,2,4,0,1,2,0,0,0,0,0,0,0,1,31.78,F
S352,F,Proficient,2,2,1,1,1,3,1,1,1,1,1,2,1,0,0,0,1,2,2,2,1,1,2,2,6,0,1,0,0,63.19,D
S353,M,Proficient,2,4,3,3,2,2,1,1,1,1,1,2,1,1,1,1,1,1,3,2,1,3,4,3,2,1,2,2,1,102.5,A
S354,M,Intermediate,2,4,2,1,1,1,1,1,2,1,1,1,1,2,1,1,1,1,1,4,12,4,12,2,7,2,1,2,1,67.46,D
S355,M,Expert,1,2,0,0,0,0,0,0,0,0,0,0,0,0,0,0,4,1,0,0,0,0,0,0,0,0,0,0,0,100,A
S356,F,Intermediate,2,2,4,1,1,1,2,4,1,1,1,1,2,1,1,1,2,1,1,1,1,3,2,2,1,1,1,1,3,85.94,B
S357,F,Novice,1,5,3,3,2,3,2,1,1,1,1,0,1,1,1,0,1,2,1,0,1,1,1,1,1,1,2,1,1,66.37,D
S358,M,-,2,5,5,2,3,0,1,1,1,2,1,1,1,1,1,1,1,0,1,16,11,1,1,0,9,0,0,1,0,99.25,A
S359,M,-,1,0,0,0,0,0,0,0,0,0,0,0,0,0,0,0,1,0,0,0,0,0,0,0,0,0,0,0,0,0.99,F
S360,F,Novice,1,1,4,4,2,1,0,0,0,0,0,0,0,0,0,0,1,5,7,1,1,0,0,0,0,0,0,0,0,5.61,F
S361,F,-,3,2,6,9,6,4,6,3,1,1,0,1,2,1,1,1,1,2,18,11,23,25,18,6,17,0,7,0,0,88.85,B
S362,M,Intermediate,2,1,1,1,1,1,1,1,1,0,1,0,1,1,1,1,5,10,25,12,9,0,38,16,0,2,5,8,5,82.67,B
S363,M,Expert,2,1,0,0,0,0,0,0,0,0,0,0,0,0,0,0,2,3,0,0,0,0,0,0,0,0,0,0,0,99,A
S364,M,Intermediate,2,2,2,1,1,3,1,2,3,1,1,2,3,2,2,1,1,3,5,2,4,3,4,3,2,1,1,2,1,66.45,D
S365,M,Expert,2,2,2,0,0,1,0,1,3,0,1,1,1,0,0,0,1,1,0,0,0,0,0,1,0,2,2,0,0,57.22,F
S366,M,-,0,0,0,0,0,0,0,0,0,0,0,0,0,0,0,0,0,0,0,0,0,0,0,0,0,0,0,0,0,94,A
S367,F,Beginner,8,4,10,5,3,2,4,0,0,0,0,0,0,0,0,0,4,7,0,1,0,1,4,0,0,0,0,0,0,9.61,F
S368,M,Proficient,1,2,1,1,1,1,1,0,1,1,1,1,1,1,1,1,1,4,9,0,11,2,7,17,2,0,2,1,6,94.36,A
S369,M,Expert,1,1,0,0,0,0,0,0,0,0,0,0,0,0,0,0,2,2,0,0,0,0,0,0,0,0,0,0,0,99,A
S370,M,Expert,2,1,1,1,2,1,1,1,2,1,1,1,1,1,1,1,1,6,4,3,7,6,7,5,6,0,4,2,1,93.87,A
S371,M,Intermediate,5,5,3,11,13,5,2,3,8,10,7,4,5,6,3,4,1,2,2,4,10,1,4,2,9,2,3,4,20,87.4,B
S372,M,Proficient,1,1,5,1,1,1,1,1,1,1,1,0,1,0,0,0,1,2,18,10,13,13,16,10,5,9,1,0,0,36.35,F
S373,M,Proficient,1,1,2,1,1,1,1,2,1,1,1,1,3,0,0,0,1,1,3,1,1,1,10,1,2,1,1,0,0,90.05,A
S374,M,Intermediate,1,1,2,1,1,1,1,1,1,1,1,1,0,0,0,0,2,1,9,10,4,0,0,1,0,0,0,2,8,69.81,D
S375,M,Expert,1,2,0,0,0,0,0,0,0,0,0,0,0,0,0,0,1,2,0,0,0,0,0,0,0,0,0,0,0,100,A
S376,M,-,1,1,0,0,0,0,0,0,0,0,0,0,0,0,0,0,1,5,0,0,0,0,0,0,0,0,0,0,0,100,A
S377,M,Expert,1,1,0,0,0,0,0,0,0,0,0,0,0,0,0,0,1,1,0,0,0,0,0,0,0,0,0,0,0,98,A
S378,M,-,3,4,5,4,3,3,1,3,4,2,1,1,3,3,3,3,3,1,18,14,6,10,30,51,12,36,5,2,44,87,B
S379,M,Novice,3,2,2,2,1,3,1,1,1,1,1,1,2,2,1,1,8,11,0,3,6,5,3,0,8,0,2,0,0,63.93,D
S380,M,Expert,1,1,0,0,0,0,0,0,0,0,0,0,0,0,0,0,1,5,0,0,0,0,0,0,0,0,0,0,0,100,A
S381,F,Novice,1,1,1,1,1,2,1,1,1,4,1,2,1,2,1,1,1,1,3,3,0,2,1,4,4,3,2,3,4,74.21,C
S382,M,Beginner,4,11,4,2,4,2,2,2,1,3,3,2,44,3,2,1,1,1,3,1,3,4,7,5,9,2,1,1,1,96.8,A
S383,F,Novice,3,4,4,3,2,2,1,2,4,4,1,1,2,2,2,2,2,1,4,3,5,3,4,1,3,2,1,0,0,31.32,F
S384,F,Intermediate,3,3,2,3,2,2,2,2,2,3,2,2,2,2,1,1,2,2,1,1,4,6,1,0,5,3,5,8,11,74.57,C
S385,M,Novice,3,3,3,2,2,1,0,0,0,0,0,0,0,0,0,0,2,7,0,0,0,0,0,0,0,0,0,0,0,2.51,F
S386,M,Proficient,0,1,2,0,0,0,0,0,0,0,0,0,0,0,0,0,0,1,1,0,0,0,0,0,0,0,0,0,0,1.76,F
S387,F,Beginner,4,4,8,1,5,6,3,1,1,2,2,4,1,1,2,1,1,2,7,2,6,2,2,1,16,4,2,1,11,90.74,A
S388,M,Beginner,1,2,2,3,6,2,1,1,3,1,0,2,1,0,1,0,1,2,1,1,1,1,1,4,3,0,1,0,2,94.72,A
S389,F,Proficient,3,2,6,1,6,2,6,1,1,1,1,0,2,2,2,1,1,1,6,1,2,8,6,10,1,1,0,1,1,93.46,A
S390,M,Novice,2,2,1,1,2,2,1,2,2,1,1,1,3,2,1,1,1,3,6,1,10,2,15,5,17,2,1,1,6,90.67,A
S391,F,Proficient,4,4,5,4,4,1,3,5,4,2,2,2,2,1,3,1,1,1,3,1,2,5,2,1,4,1,3,1,19,99,A
S392,F,Intermediate,1,5,5,3,2,5,1,1,1,2,1,2,3,3,4,1,1,3,3,4,2,1,4,3,2,2,1,1,2,84.13,B
S393,M,Novice,2,2,1,1,2,2,1,1,3,1,1,1,1,3,1,1,1,2,2,4,2,4,8,4,1,1,3,0,1,95.26,A
S394,F,Proficient,3,4,3,3,4,3,4,2,5,1,2,3,9,3,1,2,1,2,10,6,3,7,15,9,10,10,2,2,2,84.2,B
S395,F,Intermediate,2,3,5,2,2,1,1,3,2,1,1,1,1,0,1,0,1,4,8,8,3,3,13,4,5,1,2,0,1,30.45,F
S396,M,Novice,1,2,2,1,1,1,1,1,1,1,1,0,1,1,0,0,1,7,1,1,1,0,1,1,0,0,3,0,0,83.77,B
S397,F,-,2,4,3,2,1,3,2,1,1,2,1,1,1,0,1,1,1,1,0,2,4,1,0,0,0,0,0,0,1,59.1,E
S398,F,Intermediate,6,2,3,1,3,1,3,4,2,1,2,2,2,3,3,1,2,3,9,5,18,4,14,5,4,2,0,1,0,94.23,A
S399,F,Intermediate,3,3,5,5,10,5,1,8,4,1,1,5,22,9,5,5,4,3,10,3,8,2,9,8,6,13,1,6,6,97.3,A
S400,F,Novice,5,3,6,2,4,14,3,3,4,9,3,7,9,6,2,2,1,1,6,6,7,2,4,4,1,2,2,1,1,53.5,E
S401,M,Intermediate,4,5,4,4,3,5,1,1,2,1,1,2,3,2,5,1,1,1,2,2,4,2,6,5,11,5,3,7,2,92.8,A
S402,M,Proficient,1,2,2,1,2,2,2,1,2,2,3,1,1,1,1,1,1,2,2,1,9,4,10,4,6,1,3,2,1,90.05,A
S403,M,Intermediate,9,15,11,17,13,8,2,2,3,1,1,1,2,1,1,1,2,2,45,7,13,7,21,7,15,3,8,2,0,76.66,C
S404,M,Proficient,3,5,3,6,1,1,1,3,1,1,1,1,2,2,1,1,3,3,0,6,10,4,1,10,3,1,1,0,0,79.62,C
S405,M,Intermediate,3,2,4,1,3,0,1,3,3,1,1,1,1,1,2,3,4,3,15,5,3,6,2,2,3,1,2,2,1,81.43,B
S406,F,Intermediate,2,5,5,2,3,3,1,2,4,3,2,1,3,3,4,1,5,3,9,11,8,4,15,2,5,11,2,20,16,98.5,A
S407,F,Intermediate,9,4,8,2,4,2,6,4,3,2,1,3,1,1,1,1,1,2,2,1,7,3,2,2,3,2,2,8,3,98.8,A
S408,M,-,1,1,2,2,1,1,1,2,1,1,2,1,1,0,0,0,1,0,0,0,0,1,4,5,0,1,0,0,0,44.41,F
S409,M,Expert,2,0,0,0,0,0,0,0,0,0,0,0,0,0,0,0,1,0,0,0,0,0,0,0,0,0,0,0,0,100,A
S410,M,-,0,0,2,0,0,0,0,0,0,0,0,0,0,0,0,0,0,0,0,0,0,0,0,0,0,0,0,0,0,0.9,F
S411,M,Proficient,7,6,7,5,5,4,2,1,9,4,2,2,5,8,3,1,2,14,5,1,5,6,9,8,11,20,4,10,17,101.9,A
S412,M,-,1,1,0,0,0,0,0,0,0,0,0,0,0,0,0,0,2,2,0,0,0,0,0,0,0,0,0,0,0,90,A
S413,F,Novice,6,6,6,6,5,3,6,5,3,3,2,4,2,3,4,2,2,1,1,3,6,3,6,7,6,10,5,2,2,91.7,A
S414,M,Intermediate,3,3,4,3,3,2,1,2,2,1,1,1,2,1,1,1,4,1,2,3,3,3,2,5,3,2,2,7,5,100,A
S415,F,Novice,3,11,5,7,1,3,2,5,3,1,2,2,1,2,1,1,3,2,1,1,4,1,1,2,2,1,2,0,1,67.8,D
S416,M,Intermediate,2,1,1,2,2,1,1,1,1,0,1,1,1,1,1,1,1,1,23,6,8,1,11,11,4,4,3,20,6,87.65,B
S417,M,Novice,2,1,1,2,3,3,1,1,3,3,1,2,1,1,2,1,1,4,7,4,6,9,46,2,6,3,4,12,2,92.42,A
S418,M,Proficient,1,1,1,1,2,0,1,3,0,0,0,0,0,0,0,0,1,1,1,1,0,2,0,0,0,0,0,0,0,35.88,F
S419,M,Proficient,4,3,4,5,6,10,2,5,6,5,7,2,6,2,5,1,2,6,10,9,10,17,6,9,11,17,3,15,14,96.3,A
S420,M,Proficient,2,1,3,1,1,2,1,1,1,1,1,1,1,1,1,1,2,1,1,2,1,4,9,2,4,4,4,5,1,100,A
S421,M,Intermediate,2,2,1,1,2,1,1,0,0,0,0,0,0,0,0,0,1,2,10,5,7,3,0,0,0,0,0,0,0,24.8,F
S422,M,Proficient,3,4,9,9,7,12,3,4,2,2,3,3,13,5,3,3,2,2,11,1,8,6,20,9,11,4,3,21,9,100.5,A
S423,M,Beginner,3,6,5,3,4,5,3,2,1,1,1,1,3,1,1,1,1,2,4,1,6,6,5,6,3,0,1,0,7,51.04,F
S424,M,Proficient,1,3,1,1,2,1,2,2,4,4,3,4,1,4,2,2,2,1,12,10,8,15,10,34,8,7,5,3,0,93.27,A
S425,M,Proficient,2,2,2,1,4,1,1,2,2,1,1,1,1,1,1,1,3,2,2,2,5,6,3,4,14,2,1,2,0,98.79,A
S426,M,Proficient,3,3,1,1,2,2,1,2,4,4,3,1,1,2,4,0,1,1,3,1,2,3,6,6,7,3,1,2,1,90.2,A
S427,M,Novice,0,0,2,1,0,2,1,1,1,1,1,1,0,0,0,0,1,4,4,1,0,1,1,2,2,1,1,0,0,75.82,C
S428,M,Proficient,1,1,0,1,2,1,1,1,1,1,1,1,1,1,0,0,5,14,9,1,2,0,6,1,1,1,1,3,0,94.61,A
S429,M,Expert,1,3,0,0,0,0,0,0,0,0,0,0,0,0,0,0,1,2,0,0,0,0,0,0,0,0,0,0,0,100,A
S430,M,Proficient,3,10,5,5,2,2,1,2,2,1,1,3,1,1,2,1,1,2,6,2,8,9,11,21,5,3,3,1,3,94.39,A
S431,M,Novice,3,1,2,3,3,1,1,1,1,1,1,1,1,2,1,0,1,2,20,10,3,12,4,9,0,0,0,0,0,85.22,B
S432,M,Intermediate,5,0,4,3,4,4,3,1,4,0,1,8,3,0,2,1,1,0,2,9,3,3,0,3,0,2,2,0,2,53.86,F
S433,F,Proficient,1,1,1,0,1,1,1,2,2,1,1,1,1,1,1,0,1,1,3,1,1,2,1,1,1,1,0,1,0,92.94,A
S434,M,Proficient,2,1,1,1,1,1,1,1,1,1,1,1,1,1,1,1,2,15,15,1,3,2,18,3,4,2,4,7,4,100,A
S435,M,Beginner,3,1,2,1,1,1,1,1,1,2,1,1,1,1,2,1,1,1,7,4,0,2,1,4,2,0,2,0,0,92.2,A
S436,F,Novice,2,1,1,7,2,2,2,3,1,4,2,7,1,7,5,1,1,1,1,1,5,5,3,3,3,2,5,2,1,61.8,D
S437,F,Intermediate,3,4,3,2,1,3,1,1,2,1,1,1,1,1,1,1,1,1,1,1,1,5,20,6,8,4,3,2,9,93.1,A
S438,F,Beginner,8,3,3,3,3,2,1,2,1,1,1,1,4,1,2,1,3,1,4,4,11,3,5,9,4,1,1,1,0,82.56,B
S439,M,Intermediate,3,3,5,1,3,1,2,1,2,1,1,1,4,1,0,1,2,6,12,12,6,29,14,9,0,0,2,0,0,52.13,E
S440,F,Proficient,4,3,1,3,5,3,3,1,3,2,1,3,2,3,3,1,2,2,9,7,3,2,8,15,5,4,1,5,8,96.28,A
S441,F,Intermediate,4,2,2,3,3,1,1,1,1,1,1,1,1,0,1,0,1,1,5,1,1,4,6,0,0,0,1,0,1,74.64,C
S442,M,Intermediate,2,2,4,1,2,1,1,2,1,1,1,1,1,1,1,1,1,1,1,1,3,5,6,5,3,2,2,2,3,90.5,A
S443,M,Novice,1,2,1,2,2,2,1,1,1,1,1,1,2,1,1,1,1,5,5,2,6,5,4,8,14,5,4,8,8,94.87,A
S444,F,Proficient,4,5,3,6,4,3,1,1,2,2,1,2,2,3,6,1,1,3,5,1,5,2,3,2,5,1,2,2,4,100,A
S445,F,-,0,0,1,0,0,0,0,0,0,0,0,0,0,0,0,0,0,0,0,0,0,0,0,0,0,0,0,0,0,0,F
S446,M,Expert,2,0,0,0,0,0,0,0,0,0,0,0,0,0,0,0,1,2,0,0,0,0,0,0,0,0,0,0,0,98,A
S447,M,Intermediate,2,3,2,2,2,1,1,1,1,2,1,1,1,1,2,1,1,2,3,1,3,4,4,1,3,1,1,1,1,99.7,A
S448,M,Proficient,1,5,2,4,2,1,0,1,1,1,0,0,1,1,0,0,2,3,4,3,3,12,1,8,8,6,2,0,0,57.31,E
S449,M,Proficient,2,3,4,2,6,2,0,1,1,0,1,1,0,0,0,0,1,3,0,2,16,16,8,11,0,5,1,0,0,67.52,D
S450,F,Novice,2,6,1,5,3,3,1,1,1,3,3,3,1,5,1,2,1,1,5,1,3,6,11,2,4,5,3,23,11,93.6,A
S451,M,Proficient,4,4,4,1,2,1,1,2,1,1,1,1,1,1,1,1,3,1,2,2,16,3,11,27,3,14,1,1,1,94.26,A
S452,M,-,0,0,0,0,0,0,0,0,0,0,0,0,0,0,0,0,0,0,0,0,0,0,0,0,0,0,0,0,0,-,F
S453,M,Intermediate,3,1,2,1,2,1,1,1,1,1,1,1,1,1,1,1,1,1,15,1,3,4,8,5,9,2,3,1,0,94.4,A
S454,F,Intermediate,3,3,2,2,1,2,1,2,1,1,1,1,1,1,1,1,1,1,3,3,3,5,5,2,6,4,1,3,1,95.99,A
S455,M,Intermediate,4,3,3,2,2,1,1,1,1,1,1,1,3,2,2,1,1,2,4,7,15,5,4,4,11,3,1,0,14,98.92,A
S456,F,Proficient,7,6,5,9,8,8,4,3,5,3,3,5,9,4,6,3,2,1,15,1,10,2,10,2,6,1,3,3,9,101.9,A
S457,M,Proficient,5,6,3,3,1,1,1,1,1,1,1,1,1,0,2,1,1,3,4,3,5,3,12,5,1,2,2,3,1,93.9,A
S458,M,Intermediate,1,2,2,1,3,1,1,1,1,1,1,1,1,0,0,0,5,0,21,5,26,10,1,1,1,1,0,0,0,49.51,F
S459,M,Proficient,1,5,2,1,2,2,1,1,2,1,1,1,0,0,0,0,1,0,10,5,9,2,10,3,3,3,0,0,0,93.91,A
S460,M,Proficient,3,7,3,7,3,3,3,2,1,2,1,1,1,2,1,0,1,1,8,1,1,4,2,6,1,8,11,0,0,91.29,A
S461,F,Intermediate,7,3,5,4,4,2,2,2,1,1,1,2,2,2,1,2,1,1,2,1,6,4,2,3,1,1,4,1,3,98,A
S462,M,Proficient,3,3,1,2,2,2,1,1,1,1,1,1,1,1,1,1,1,1,5,6,1,5,4,2,7,7,5,14,11,97.64,A
S463,M,Expert,1,1,1,1,1,1,0,1,1,1,1,1,1,1,0,1,1,1,2,4,5,0,2,4,0,3,0,3,0,93.56,A
S464,M,Proficient,4,2,3,1,3,1,1,2,1,1,0,0,1,2,1,1,3,4,12,2,5,3,6,5,2,0,1,0,2,98.22,A
S465,M,Intermediate,2,7,3,4,2,1,2,3,2,1,1,3,3,4,0,0,1,7,15,8,11,0,4,7,0,0,0,0,0,68.75,D
S466,M,Intermediate,7,4,3,1,1,0,2,0,1,0,0,1,1,0,0,0,2,1,6,0,0,0,0,5,0,0,1,0,0,88.36,B
S467,M,Proficient,1,1,0,0,0,0,0,0,0,0,0,0,0,0,0,0,1,1,0,0,0,0,0,0,0,0,0,0,0,98.5,A
S001,F,Novice,5,4,8,4,6,3,4,3,1,1,3,1,2,1,1,1,2,1,1,1,1,1,1,4,4,1,1,1,1,56.11,E
S002,M,Proficient,3,5,2,1,1,1,1,1,1,1,1,1,1,0,0,0,1,6,1,1,1,11,0,1,3,1,0,0,0,60.18,D
S003,F,Proficient,3,10,4,5,3,2,2,2,3,6,8,3,2,3,2,1,1,6,2,1,14,12,18,11,9,3,2,4,11,86.53,B
S004,F,Novice,3,1,1,2,2,3,1,2,2,2,1,1,1,1,0,0,1,1,1,3,6,0,0,0,0,0,2,0,0,49.87,F
S005,F,Intermediate,6,5,2,1,1,3,1,2,1,1,1,1,1,0,0,0,1,3,3,4,3,2,4,5,4,4,1,0,0,66.24,F
S006,M,Intermediate,2,3,3,3,2,1,1,1,0,1,1,1,1,1,1,1,1,19,2,6,1,5,4,3,1,2,1,4,9,97.87,A
S007,M,Intermediate,2,3,4,6,2,3,3,1,3,3,1,0,2,1,0,3,1,2,1,9,6,3,5,2,7,1,2,3,7,98.73,A
S008,F,Novice,1,2,4,3,3,2,2,2,2,1,1,3,1,2,1,2,1,1,4,12,2,6,6,1,3,5,2,1,5,98.7,A
S009,M,Proficient,2,2,2,3,4,2,2,3,2,1,2,1,1,1,1,1,1,1,2,9,3,4,1,1,2,2,4,3,0,99.7,A
S010,M,Intermediate,0,0,0,1,2,0,0,0,0,0,0,0,0,0,0,0,1,8,0,1,1,0,0,0,0,0,0,0,0,7.65,F
S011,M,Proficient,1,1,0,1,0,1,2,0,0,0,1,3,1,1,1,1,1,1,0,4,6,17,1,3,3,1,1,1,0,94.38,A
S012,F,-,6,4,4,4,2,4,2,3,2,3,2,4,3,2,2,4,1,1,2,4,2,4,8,3,7,1,3,4,8,79.65,C
S013,M,Beginner,3,2,2,3,1,1,1,1,1,1,1,2,1,1,1,1,1,4,1,3,3,5,12,2,3,1,1,3,4,96.81,A
S014,F,Novice,1,0,2,1,2,1,1,2,1,3,2,0,0,0,0,0,1,0,1,1,1,0,1,0,1,1,1,1,0,28.14,F
S015,F,Beginner,1,3,2,3,2,4,1,1,1,1,1,2,1,0,1,1,1,3,1,2,1,2,1,2,1,1,2,0,1,91.49,A
S016,M,Proficient,3,2,1,1,3,1,1,1,1,0,1,1,1,1,1,0,1,4,1,1,1,1,1,1,3,0,1,1,0,89.67,B
S017,M,Beginner,3,7,3,3,2,3,2,1,1,4,2,2,1,1,1,1,1,12,7,8,3,11,13,6,5,2,2,5,8,97.35,A
S018,F,Novice,3,3,8,3,9,6,2,1,2,3,2,4,4,3,3,1,2,11,8,11,10,9,2,5,14,6,1,1,1,82.75,B
S019,M,Proficient,4,2,7,4,2,3,9,4,3,5,2,1,2,2,1,1,1,7,7,14,11,8,11,3,9,4,8,2,2,86.85,B
S020,F,Novice,1,7,3,5,1,8,3,4,3,5,3,1,2,1,2,1,1,1,4,1,4,5,14,7,10,5,2,2,3,95.23,A
S021,M,Intermediate,2,2,2,2,1,3,1,2,1,1,2,1,2,1,1,1,1,1,1,1,1,2,1,2,1,1,1,0,0,65.31,D
S022,M,Proficient,2,2,3,5,6,2,1,2,3,3,2,1,1,1,1,2,1,1,1,1,2,3,2,3,3,1,1,6,2,108.55,A
S023,M,Proficient,3,4,1,2,1,1,1,0,0,1,0,1,1,0,0,0,1,5,1,3,1,3,0,0,1,0,0,0,0,95.62,A
S024,M,Proficient,4,4,7,4,1,3,4,1,3,2,1,1,1,1,3,2,1,4,2,3,4,1,10,3,7,1,3,4,6,100.6,A
S025,M,Intermediate,1,4,1,4,2,2,2,0,2,1,1,1,1,0,0,2,1,3,1,2,4,3,8,4,4,0,2,0,0,82.72,B
S026,F,Intermediate,2,2,5,5,5,3,2,3,3,2,3,3,2,3,2,1,1,2,4,4,8,5,7,5,4,3,2,1,2,90.5,A
S027,M,Intermediate,3,2,4,4,3,3,2,2,2,2,2,2,1,2,4,1,1,1,9,8,8,3,22,14,7,15,0,4,7,101.85,A
S028,M,Intermediate,2,2,2,3,1,1,1,2,2,1,1,1,1,1,1,1,1,1,1,2,2,4,2,3,3,3,1,3,3,105.9,A
S029,M,Proficient,4,1,0,0,0,0,0,0,0,0,0,0,0,0,0,0,1,5,0,0,0,0,0,0,0,0,0,0,0,95,A
S030,F,Expert,4,5,5,6,3,3,2,1,1,1,1,4,1,3,1,2,2,7,5,13,5,8,5,2,8,4,3,1,0,93.17,A
S031,M,Proficient,1,3,1,1,1,0,1,1,1,0,1,1,1,1,1,1,1,11,0,3,4,3,9,4,4,0,1,0,5,94.46,A
S032,F,-,3,3,0,1,1,1,1,1,5,3,1,1,1,0,0,0,1,4,1,0,8,9,0,3,9,1,1,0,0,77.65,C
S033,M,Intermediate,4,1,1,1,2,1,1,1,2,1,1,1,1,1,1,1,1,12,1,8,4,12,17,29,8,0,1,2,0,95.37,A
S034,M,Intermediate,4,2,3,2,1,1,1,2,2,1,1,1,3,1,0,0,1,2,2,2,1,1,2,2,1,0,1,1,0,96.31,A
S035,F,Beginner,2,4,4,3,2,2,2,1,1,2,1,1,1,1,0,0,1,2,3,19,10,5,6,3,11,0,0,0,0,89.31,B
S036,M,Novice,1,4,5,4,3,4,1,2,2,1,2,1,1,1,3,1,1,9,6,4,16,0,6,0,0,0,0,0,0,57.08,E
S037,F,Expert,1,2,3,3,1,2,1,1,3,1,2,1,1,1,1,2,1,3,1,5,1,3,5,6,3,1,2,2,4,108.4,A
S038,F,Intermediate,1,5,1,3,1,2,1,3,2,1,1,1,2,1,0,0,1,4,2,1,3,2,3,0,2,1,1,1,0,52.39,F
S039,F,Novice,2,4,6,5,3,2,1,2,2,2,3,2,1,1,0,0,1,1,1,1,2,10,8,0,4,2,0,1,0,67.62,D
S040,M,Intermediate,3,4,3,1,2,4,2,2,3,3,2,4,4,3,3,7,1,3,4,11,13,7,8,7,6,3,2,3,5,78.19,C
S041,M,Proficient,0,2,2,3,1,1,1,1,3,2,1,2,1,1,1,1,0,1,1,8,1,2,7,1,4,1,2,2,6,98.9,A
S042,M,Expert,3,0,0,0,0,0,0,0,0,0,0,0,0,0,0,0,1,0,0,0,0,0,0,0,0,0,0,0,0,95,A
S043,F,Intermediate,2,2,3,4,6,3,1,0,0,0,0,0,0,0,0,0,1,2,4,1,3,0,0,0,0,0,0,0,0,8.86,F
S044,F,-,3,0,8,5,0,3,1,1,1,2,2,1,0,0,0,0,1,0,1,0,0,0,0,0,1,0,0,0,2,61.81,D
S045,F,-,0,3,6,4,3,7,3,3,2,2,4,3,3,2,3,1,1,3,1,10,2,4,9,5,2,1,2,7,8,95,A
S046,M,Expert,0,1,1,1,1,1,1,1,1,1,1,1,1,1,1,1,0,0,1,1,1,1,1,2,1,1,1,1,1,101.59,A
S047,M,Proficient,2,1,1,1,1,1,1,1,1,2,1,2,1,1,1,1,1,1,1,1,4,4,2,1,3,1,4,4,0,96.7,A
S048,F,Proficient,3,4,4,4,4,3,1,1,2,1,2,1,3,1,7,1,1,2,1,0,1,1,0,1,4,1,2,0,1,85.69,B
S049,F,Proficient,3,4,3,3,3,4,4,2,3,1,3,2,2,4,2,1,4,2,1,3,4,8,1,1,6,1,1,1,1,89.3,B
S050,M,Novice,4,11,2,1,2,0,3,3,2,1,1,0,0,0,0,0,1,0,1,0,0,1,0,0,0,0,0,0,0,18.24,F
S051,M,Proficient,1,4,0,0,0,0,0,0,0,0,0,0,0,0,0,0,1,2,0,0,0,0,0,0,0,0,0,0,0,100,A
S052,M,Proficient,1,1,0,0,0,0,0,0,0,0,0,0,0,0,0,0,2,4,0,0,0,0,0,0,0,0,0,0,0,96,A
S053,F,Novice,0,5,1,1,2,5,2,1,2,1,1,2,1,1,1,1,1,1,1,1,1,1,3,2,2,0,1,1,0,54.5,E
S054,M,Intermediate,4,6,4,2,3,5,3,1,5,1,1,1,1,1,1,1,1,2,1,2,3,4,3,3,6,2,1,1,2,96.41,A
S055,F,Novice,3,1,1,2,1,1,3,3,2,3,1,3,1,1,3,1,1,5,1,1,2,1,7,4,5,1,1,1,1,67.75,D
S056,M,Beginner,1,1,1,1,1,1,1,1,1,1,1,0,0,1,1,1,1,9,1,10,1,3,13,3,1,2,0,4,6,91.71,A
S057,M,Expert,1,0,0,0,0,0,0,0,0,0,0,0,0,0,0,0,1,0,0,0,0,0,0,0,0,0,0,0,0,95,A
S058,M,Proficient,2,3,3,3,2,1,1,1,3,1,2,2,1,1,2,1,1,3,2,7,3,3,2,5,2,3,3,1,7,99.35,A
S059,M,Beginner,2,3,1,1,2,1,1,1,2,0,0,0,0,0,0,0,1,7,3,0,1,15,7,3,0,0,0,0,0,29.85,F
S060,M,Proficient,4,5,5,4,2,1,2,3,3,2,3,1,1,1,1,1,2,6,3,3,8,2,2,2,11,3,1,1,7,101.95,A
S061,F,Novice,7,1,7,1,3,3,5,3,4,1,4,1,2,1,1,1,1,13,12,2,3,44,2,1,1,5,1,1,2,82.35,B
S062,M,Novice,4,2,2,1,2,1,1,1,1,1,1,1,1,1,1,1,1,2,2,4,4,4,0,4,1,0,2,0,0,72.12,C
S063,M,-,0,0,0,0,0,0,0,0,0,0,0,0,0,0,0,0,0,0,0,0,0,0,0,0,0,0,0,0,0,-,F
S064,M,Beginner,2,2,2,1,1,3,1,1,1,1,4,1,1,3,1,1,4,5,13,8,3,5,6,3,9,4,3,5,12,80.15,B
S065,M,Beginner,0,2,1,1,1,1,1,1,1,1,1,1,1,1,1,0,1,1,1,3,3,7,11,7,8,0,0,1,0,91.72,A
S066,F,Intermediate,2,2,2,1,1,2,2,1,1,1,1,1,1,1,1,1,2,2,1,3,2,2,6,6,1,1,2,2,2,99.8,A
S067,M,Intermediate,2,4,4,1,1,4,3,1,2,2,2,2,1,1,1,1,1,1,1,1,8,5,6,7,5,3,1,3,0,84.2,B
S068,M,Proficient,0,1,6,4,4,1,1,1,1,1,1,1,1,2,1,0,1,3,3,3,6,8,14,24,4,4,3,5,22,95.73,A
S069,M,Expert,3,1,2,2,2,1,1,1,1,1,1,1,1,1,1,1,1,5,1,1,3,7,20,2,8,1,3,2,5,106.85,A
S070,M,Intermediate,4,2,1,2,1,2,1,1,2,1,1,0,1,0,0,0,0,12,0,1,1,1,12,2,1,0,0,0,0,63.09,D
S071,F,Intermediate,5,3,13,10,10,8,2,3,4,3,8,6,6,13,10,3,2,3,3,3,5,4,3,6,3,1,1,1,6,95.1,A
S072,M,Beginner,3,11,7,3,5,3,2,2,3,3,2,4,2,1,2,1,2,12,7,8,11,6,31,2,10,3,1,5,14,86.35,B
S073,F,Novice,1,8,12,5,3,4,3,3,2,1,1,2,2,1,3,1,6,10,50,0,0,9,10,7,6,0,1,0,0,86,B
S074,M,-,0,0,0,0,0,0,0,0,0,0,0,0,0,0,0,0,1,0,0,0,0,0,0,0,0,0,0,0,0,100,A
S075,M,Beginner,1,5,5,3,1,2,2,1,2,1,1,1,1,2,1,1,1,3,1,3,3,5,4,3,4,1,2,1,6,110,A
S076,F,Intermediate,3,1,2,4,3,1,1,1,1,1,4,1,3,2,2,1,1,1,2,3,3,5,3,4,2,2,3,0,2,72.1,C
S077,F,Beginner,5,6,4,3,3,4,1,1,1,1,1,1,1,1,0,2,2,2,1,2,6,3,3,0,0,0,1,0,0,86.5,B
S078,M,Intermediate,4,2,3,1,3,3,2,1,1,2,1,1,0,0,0,0,1,5,4,0,4,0,4,5,0,5,0,0,0,82.09,B
S079,M,Beginner,4,1,1,2,1,1,1,1,1,1,1,1,1,1,1,1,1,3,1,5,3,0,0,0,0,0,0,1,0,93.75,A
S080,F,Proficient,6,3,6,3,3,4,1,1,1,1,1,2,1,1,1,1,1,15,1,10,2,6,8,4,10,1,3,5,1,97.6,A
S081,M,Proficient,1,4,0,0,0,0,0,0,0,0,0,0,0,0,0,0,1,4,0,0,0,0,0,0,0,0,0,0,0,96,A
S082,F,Proficient,1,2,2,4,3,2,1,3,2,5,3,5,2,1,2,2,1,8,1,3,3,2,2,3,4,1,1,1,4,91.84,A
S083,M,Novice,3,5,1,1,1,2,2,2,2,2,1,0,1,1,2,1,1,8,4,9,1,5,8,6,1,6,4,4,3,96.75,A
S084,M,Proficient,5,3,2,1,3,2,1,1,1,1,0,0,0,1,0,0,1,4,1,5,6,6,11,15,8,0,0,0,6,81.5,B
S085,M,Intermediate,4,2,6,6,3,7,1,1,2,5,1,1,2,2,1,1,1,14,8,20,16,7,3,4,9,2,4,2,0,81.4,B
S086,M,Proficient,1,1,2,0,1,1,1,3,1,1,1,1,1,0,1,0,1,4,2,3,2,7,1,2,4,1,3,0,2,101.04,A
S087,F,Beginner,3,5,6,5,5,4,5,2,2,3,1,1,1,2,2,2,2,86,51,45,18,10,6,2,7,6,3,5,6,86.6,B
S088,M,Intermediate,5,6,8,6,5,0,1,2,3,1,2,2,2,1,0,0,1,4,10,2,9,5,5,4,6,1,1,1,11,91.72,A
S089,F,Beginner,4,3,7,5,3,3,6,2,3,2,1,1,3,2,3,1,2,8,1,7,3,4,2,5,14,3,2,0,1,92.12,A
S090,M,Intermediate,2,2,2,1,1,1,1,1,1,1,1,1,1,1,1,1,1,3,3,7,2,1,2,2,3,1,1,1,5,101.2,A
S091,M,Novice,1,3,5,2,3,3,2,1,1,1,1,1,1,1,1,0,1,2,1,2,2,1,6,4,2,2,2,0,3,85.03,B
S092,M,Proficient,1,0,0,0,0,0,0,0,0,0,0,0,0,0,0,0,1,0,0,0,0,0,0,0,0,0,0,0,0,100,A
S093,M,Expert,5,3,0,0,0,0,0,0,0,0,0,0,0,0,0,0,1,7,0,0,0,0,0,0,0,0,0,0,0,99,A
S094,M,Intermediate,3,2,5,5,3,2,1,2,1,1,1,1,1,1,3,1,1,1,1,2,6,3,8,3,2,1,2,1,14,82.2,B
S095,M,Novice,3,2,2,1,1,1,3,3,2,2,1,1,2,2,1,2,1,1,1,1,1,1,1,1,1,2,3,3,14,69.17,D
S096,M,Beginner,0,0,1,0,1,0,2,2,0,0,0,0,0,0,0,0,0,0,0,0,0,0,0,0,0,0,0,0,0,17.35,F
S097,M,-,1,2,2,1,1,1,1,1,1,1,1,2,1,1,1,1,1,7,2,2,0,1,4,3,3,1,1,2,3,97.36,A
S098,M,Novice,0,1,5,2,2,2,1,2,1,2,1,0,1,1,1,1,1,9,1,2,1,1,6,1,1,1,3,1,1,74.07,C
S099,F,Novice,3,3,2,1,1,1,0,0,0,0,0,0,0,0,0,0,1,1,2,1,1,0,0,0,0,0,0,0,0,5.94,F
S100,M,Intermediate,0,1,3,1,1,1,1,1,0,1,0,1,1,1,1,1,0,1,1,1,1,2,4,2,3,3,1,1,1,86,B
S101,M,Proficient,3,1,2,3,1,2,1,1,1,4,1,2,1,1,2,1,1,3,2,1,3,1,1,2,1,2,1,1,1,76.73,C
S102,M,Novice,5,7,5,4,4,6,3,3,5,4,4,3,3,2,4,3,1,15,2,5,4,13,10,3,4,9,3,8,9,98.6,A
S103,M,Proficient,3,3,2,3,3,2,1,1,1,1,1,1,1,3,1,1,2,2,2,2,1,3,2,2,1,1,2,1,5,99.4,A
S104,F,Intermediate,2,1,4,4,2,3,1,1,1,1,1,2,1,1,2,1,1,1,6,13,6,3,0,8,2,3,1,1,0,74.4,C
S105,M,Intermediate,2,2,3,2,3,4,2,2,3,1,1,2,3,1,1,1,1,1,1,1,4,2,0,1,2,1,2,0,0,57.7,F
S106,F,Proficient,3,3,4,4,4,3,1,2,2,1,1,2,1,1,3,1,1,4,1,9,8,5,11,7,0,0,6,0,0,84.45,B
S107,M,-,1,2,2,3,4,4,2,2,4,4,2,2,3,2,1,0,1,2,12,6,19,2,18,13,8,5,5,0,0,41.6,F
S108,F,Novice,3,2,4,3,5,3,2,4,4,1,1,5,1,1,1,1,1,7,3,2,5,6,4,6,4,4,2,4,6,88.6,B
S109,F,Novice,2,3,9,3,3,5,2,2,4,1,3,3,1,1,3,6,1,1,1,6,3,4,11,4,8,2,1,4,14,102.05,A
S110,M,Intermediate,1,1,1,1,1,1,1,1,2,1,1,1,1,0,0,0,3,1,2,3,7,5,2,0,0,0,1,0,0,87.6,B
S111,M,Intermediate,1,3,3,3,1,2,1,2,2,1,3,1,2,1,1,2,1,3,4,4,6,2,0,6,12,3,1,1,2,64.76,D
S112,M,Proficient,1,4,5,7,5,2,1,1,1,1,1,1,1,1,1,1,3,9,3,6,10,5,10,11,5,4,1,6,8,102.9,A
S113,M,-,1,2,5,3,3,7,1,1,2,2,2,1,1,2,2,1,1,4,8,6,5,7,32,6,5,3,2,1,2,97.65,A
S114,F,Novice,2,2,5,5,3,4,2,3,3,5,4,1,4,4,5,4,1,48,4,8,6,1,4,7,3,4,1,7,7,94.05,A
S115,M,Proficient,1,2,1,1,1,1,1,1,1,1,1,0,1,0,0,1,1,1,1,3,1,2,3,0,6,0,0,1,0,82.15,B
S116,M,Intermediate,3,4,5,4,3,1,2,1,1,4,1,2,2,1,1,1,1,8,2,5,8,4,8,11,2,0,0,3,0,45.27,F
S117,M,Intermediate,3,2,3,2,1,2,1,1,1,1,1,0,1,1,1,0,2,7,2,1,6,5,14,4,4,1,5,0,1,94.25,A
S118,M,Beginner,3,5,6,6,3,3,1,3,2,2,6,1,3,1,1,6,1,5,2,4,3,0,3,5,6,7,1,0,2,77.4,C
S119,F,Beginner,2,2,2,2,2,1,3,4,4,6,2,2,2,2,1,0,1,25,24,15,1,7,1,5,14,3,0,0,0,76.16,C
S120,M,Beginner,2,4,3,4,2,9,2,1,1,3,3,2,1,2,3,3,1,3,2,4,7,4,4,6,4,2,1,8,7,98.45,A
S121,M,Intermediate,1,4,4,2,3,1,1,1,1,1,1,1,1,1,0,1,2,1,1,1,2,0,4,2,4,0,1,1,0,92.51,A
S122,M,-,0,0,1,0,1,1,1,1,1,1,1,0,0,1,0,1,1,0,0,0,1,0,0,0,0,0,0,0,0,3.04,F
S123,F,Proficient,2,4,2,2,2,2,2,4,2,2,2,2,1,1,1,1,1,3,1,1,1,5,2,2,0,0,1,1,0,63.3,D
S124,F,Intermediate,2,1,2,2,1,5,1,2,1,2,2,2,1,1,1,1,1,1,1,1,4,3,3,0,1,1,1,0,0,93.95,A
S125,M,-,1,3,3,3,2,0,1,2,1,0,1,2,1,2,1,0,1,11,1,1,1,2,4,5,0,1,0,1,0,38.67,F
S126,M,Intermediate,1,3,4,5,1,2,1,2,1,1,1,2,2,1,1,2,1,4,1,4,2,2,6,7,3,2,2,3,3,85.7,B
S127,F,-,0,0,0,0,0,0,0,0,0,0,0,0,0,0,0,0,0,0,0,0,0,0,0,0,0,0,0,0,0,-,F
S128,M,Proficient,3,4,3,4,2,3,3,1,1,3,3,3,1,1,6,3,1,3,2,2,3,3,4,3,4,1,4,4,7,98.8,A
S129,M,Proficient,3,2,4,3,1,1,1,1,1,2,1,1,1,1,1,1,1,4,7,16,4,6,4,9,16,3,5,7,13,94.07,A
S130,M,Intermediate,1,2,2,1,2,1,1,1,1,1,1,2,1,1,1,1,1,6,2,1,3,2,1,1,2,1,3,0,1,102.8,A
S131,M,Intermediate,0,2,4,2,4,3,1,1,8,5,4,2,1,2,7,2,0,4,22,12,6,5,4,0,1,0,1,0,1,62.14,D
S132,M,Expert,2,1,0,0,0,0,0,0,0,0,0,0,0,0,0,0,2,2,0,0,0,0,0,0,0,0,0,0,0,98,A
S133,M,Intermediate,4,3,1,2,1,2,1,1,1,1,1,1,2,1,1,1,2,3,3,5,9,2,3,6,4,1,6,10,4,100.3,A
S134,F,Novice,4,11,8,5,5,3,6,2,4,3,3,5,3,1,3,1,1,1,1,1,6,0,21,8,4,6,4,0,0,60.71,D
S135,M,-,1,0,1,0,0,0,0,0,0,0,0,0,0,0,0,0,1,0,2,0,0,0,0,0,0,0,0,0,0,12.9,F
S136,F,Intermediate,3,4,2,2,3,2,1,1,1,1,1,0,3,3,2,1,1,1,1,1,7,6,3,1,1,3,1,1,3,88.93,B
S137,M,Beginner,0,3,3,4,4,1,1,2,1,0,1,1,0,0,1,1,1,2,2,1,1,0,0,0,0,0,0,0,0,72.79,C
S138,F,Proficient,2,4,3,3,2,1,1,1,1,1,1,1,3,2,1,1,1,3,1,2,1,1,3,4,1,1,1,1,5,101.3,A
S139,M,Proficient,1,1,2,0,1,1,1,1,1,1,1,0,0,0,0,0,1,4,1,6,1,2,1,3,1,1,1,0,0,88.39,B
S140,M,Proficient,4,3,3,0,1,1,0,0,0,0,0,0,0,0,0,0,1,5,1,0,3,0,0,0,0,0,0,0,0,36.12,F
S141,F,Novice,1,7,5,6,10,6,2,5,3,3,3,1,2,2,1,2,1,3,4,1,10,1,3,3,1,1,3,1,0,68.96,D
S142,M,Novice,0,3,1,1,1,1,1,0,1,1,1,0,1,0,1,0,1,1,1,0,1,0,0,0,1,1,0,0,4,54.09,E
S143,F,-,0,0,0,0,0,0,0,0,0,0,0,0,0,0,0,0,1,0,0,0,0,0,0,0,0,0,0,0,0,0.5,F
S144,M,Intermediate,1,1,4,1,1,1,1,0,2,1,1,1,1,1,1,2,1,1,1,1,1,1,1,1,1,1,1,1,1,91.86,A
S145,F,-,0,1,0,1,0,1,0,0,0,0,0,0,0,0,0,0,0,0,0,0,0,0,0,0,0,0,0,0,0,1.75,F
S146,M,Proficient,1,2,0,0,0,0,0,0,0,0,0,0,0,0,0,0,1,1,0,0,0,0,0,0,0,0,0,0,0,100,A
S147,M,Intermediate,1,1,1,1,1,1,1,1,1,1,1,1,1,1,1,0,1,2,1,3,4,3,2,1,5,2,1,4,7,93.16,A
S148,M,Intermediate,4,2,3,3,1,5,2,0,0,0,0,0,0,0,0,0,1,1,1,1,1,3,0,0,0,0,0,0,0,21.72,F
S149,M,Novice,1,4,3,1,1,1,2,1,2,1,1,0,1,1,1,1,1,0,1,1,1,3,1,1,0,0,3,1,0,65.6,D
S150,M,Intermediate,3,2,3,2,2,1,1,1,1,3,0,1,0,0,0,0,1,1,2,1,1,1,1,1,1,0,0,0,0,17.49,F
S151,F,Novice,1,1,1,1,1,7,9,10,6,8,9,7,9,8,7,7,1,3,2,2,3,2,10,5,16,3,4,3,14,77.55,C
S152,M,Expert,3,1,0,0,0,0,0,0,0,0,0,0,0,0,0,0,2,1,0,0,0,0,0,0,0,0,0,0,0,95,A
S153,F,Novice,1,4,1,1,2,1,1,2,2,1,1,2,1,1,2,2,1,1,1,9,9,5,5,1,4,2,1,1,3,86.85,B
S154,M,Proficient,3,4,3,5,4,1,2,2,3,1,1,3,1,0,1,1,1,4,3,6,6,2,3,3,6,1,3,1,0,99.45,A
S155,M,Intermediate,1,3,2,1,2,1,1,1,2,1,1,1,1,1,2,3,1,4,8,2,5,5,4,3,1,1,3,1,2,91.24,A
S156,F,Proficient,3,1,1,3,1,1,1,1,2,1,1,1,0,0,0,0,2,3,0,2,8,3,6,3,0,0,0,0,0,88.46,B
S157,F,Proficient,2,2,4,2,2,1,2,3,3,3,1,3,2,3,2,1,1,1,1,3,2,4,2,3,3,1,1,3,3,105.65,A
S158,F,Intermediate,3,8,5,3,3,2,1,3,3,1,2,1,14,2,2,3,1,5,5,5,16,2,4,2,6,5,2,3,2,85.22,B
S159,M,Intermediate,6,3,3,2,2,2,1,1,1,1,1,2,1,1,1,1,1,4,1,9,12,6,2,0,0,5,3,0,11,96.08,A
S160,F,Beginner,0,10,5,3,6,5,1,3,2,1,1,0,2,0,0,2,1,9,2,0,1,4,0,3,0,1,0,0,0,67.45,D
S161,F,Intermediate,4,6,2,1,3,4,3,1,1,1,2,2,1,1,1,2,1,3,1,3,3,7,3,7,4,1,3,2,7,90.48,A
S162,M,-,0,0,1,0,0,0,1,0,0,0,0,0,0,0,0,0,0,2,2,1,0,1,0,1,0,0,0,0,0,21.9,F
S163,M,Intermediate,2,2,2,3,1,2,1,1,2,1,2,1,1,1,1,1,1,5,2,2,11,4,5,30,5,13,6,13,13,103.56,A
S164,M,Expert,5,0,0,0,0,0,0,0,0,0,0,0,0,0,0,0,2,0,0,0,0,0,0,0,0,0,0,0,0,100,A
S165,F,Proficient,3,2,3,2,1,4,1,3,1,2,3,1,1,2,1,3,1,3,1,1,1,1,1,4,4,1,1,2,0,69.5,D
S166,F,Beginner,4,3,5,4,4,5,2,4,4,5,3,2,2,1,2,1,1,25,3,19,19,8,18,22,13,6,7,4,13,90.3,A
S167,F,Intermediate,3,3,3,3,4,2,2,2,2,2,1,2,1,1,1,1,1,8,1,4,2,5,1,4,7,3,1,3,0,99.04,A
S168,F,Novice,0,4,6,5,6,2,3,4,5,3,5,2,2,1,7,6,1,1,1,4,4,5,11,3,4,1,6,3,18,98.3,A
S169,M,Proficient,2,2,2,1,1,0,1,0,0,0,1,0,0,0,0,0,1,2,1,2,0,0,0,0,0,0,0,0,0,51.44,F
S170,M,Proficient,1,5,2,6,3,2,3,1,2,2,1,2,2,1,2,2,1,1,1,1,2,2,7,1,2,1,2,1,6,99.1,A
S171,M,Intermediate,0,1,2,3,1,1,1,1,1,1,1,1,1,1,1,1,1,1,1,1,1,4,3,2,4,2,1,3,8,99.28,A
S172,M,Expert,2,2,0,0,0,0,0,0,0,0,0,0,0,0,0,0,1,3,0,0,0,0,0,0,0,0,0,0,0,90,A
S173,M,Intermediate,1,1,2,1,1,1,1,1,1,0,1,0,0,1,1,0,2,1,1,4,0,1,1,0,1,1,0,0,0,83.52,B
S174,M,Proficient,1,1,2,3,1,1,1,1,1,1,1,2,1,1,1,1,1,1,3,2,4,2,1,3,12,2,1,1,5,96.05,A
S175,F,Novice,1,1,1,2,4,4,1,1,1,3,2,2,2,3,1,1,1,0,1,1,2,2,3,2,4,1,2,2,4,57.33,E
S176,M,Proficient,3,7,3,4,3,3,1,2,1,1,1,2,1,1,1,1,1,9,1,7,11,5,0,13,5,3,1,1,5,94.85,A
S177,M,Proficient,4,3,3,3,1,7,1,2,3,3,4,2,4,1,1,3,1,3,1,4,4,4,8,10,2,1,2,3,7,102.45,A
S178,M,Intermediate,3,4,2,2,2,4,1,2,3,4,2,2,2,1,1,1,1,19,1,6,3,3,6,1,2,4,2,1,4,94.9,A
S179,M,Proficient,1,1,0,0,0,0,0,0,0,0,0,0,0,0,0,0,1,3,0,0,0,0,0,0,0,0,0,0,0,100,A
S180,F,Proficient,3,2,2,2,2,1,2,1,1,2,1,2,1,1,1,1,1,1,1,3,6,0,0,0,0,0,0,0,0,79.5,C
S181,F,Beginner,1,3,1,7,6,2,2,3,1,2,3,1,5,1,1,1,2,11,4,21,18,3,1,1,1,2,2,0,3,75.74,C
S182,M,Intermediate,2,4,4,2,1,2,1,1,1,1,1,1,1,0,0,0,2,2,1,4,10,10,9,5,3,0,0,0,0,87.71,B
S183,F,Proficient,3,2,3,4,2,2,1,3,2,2,2,2,3,3,3,3,1,4,1,1,8,2,20,4,6,1,3,2,9,89.7,B
S184,F,Intermediate,1,1,1,1,1,2,1,0,0,0,0,0,0,0,0,0,1,3,1,1,1,1,0,0,0,0,0,0,0,13.06,F
S185,F,Proficient,0,2,5,2,1,2,1,2,2,2,3,2,1,4,4,5,1,2,1,8,1,3,4,5,3,1,2,1,5,109.9,A
S186,M,Beginner,3,1,1,1,1,1,1,1,1,1,1,0,1,1,1,1,1,2,2,2,2,1,1,2,1,1,1,1,2,91.16,A
S187,F,Proficient,1,2,1,1,1,1,2,1,2,1,1,2,2,1,1,1,1,8,2,4,7,3,11,4,1,7,1,1,6,94.88,A
S188,M,Beginner,3,2,4,4,2,1,1,1,2,1,1,1,1,1,1,1,1,1,1,1,4,2,12,1,2,1,1,1,1,81.1,B
S189,M,Intermediate,3,3,6,4,4,3,2,3,1,2,1,1,0,1,0,0,2,9,1,1,2,2,5,3,1,0,0,0,0,87.14,B
S190,F,Intermediate,3,2,5,2,3,2,1,1,2,2,1,1,1,2,1,2,1,15,3,2,2,5,3,5,4,1,2,0,1,84.5,B
S191,M,Novice,1,1,3,2,3,0,3,5,0,0,1,2,1,1,2,0,1,2,2,3,4,6,16,1,3,1,1,1,2,93.74,A
S192,M,Novice,1,1,1,2,1,1,1,0,1,1,1,1,1,1,1,1,1,1,0,1,1,1,1,0,0,3,0,6,0,90.08,A
S193,M,Proficient,1,1,0,0,0,1,0,0,0,2,2,0,1,1,0,0,1,2,1,1,1,0,0,1,1,1,1,1,0,40.45,F
S194,M,Proficient,2,1,0,0,0,0,0,0,0,0,0,0,0,0,0,0,1,5,0,0,0,0,0,0,0,0,0,0,0,100,A
S195,M,Intermediate,0,4,0,1,1,0,0,0,0,0,0,1,0,0,0,0,1,2,0,0,0,0,0,0,0,0,0,0,0,49.36,F
S196,F,Novice,3,7,7,5,5,9,5,4,5,3,3,7,5,3,3,4,2,5,1,6,2,3,3,6,3,1,2,2,3,88.05,B
S197,F,Proficient,5,9,7,2,4,5,6,5,5,2,1,1,0,1,2,2,1,7,5,4,4,9,1,0,2,1,0,0,0,77.21,C
S198,M,Proficient,3,1,2,1,1,1,1,1,1,1,1,1,1,1,1,1,1,6,3,0,6,3,8,5,0,3,1,2,2,98.81,A
S199,F,Novice,2,3,3,3,3,3,4,3,3,2,2,1,2,2,1,2,1,6,4,14,34,6,11,20,8,5,4,2,8,97.45,A
S200,F,Novice,3,3,5,5,4,8,2,3,3,2,5,3,3,3,1,1,1,1,5,12,8,3,4,2,7,2,4,2,5,98.8,A
S201,M,Intermediate,2,2,1,2,2,2,1,1,2,1,1,2,1,1,1,1,1,17,4,5,6,8,13,1,6,3,6,2,3,96.4,A
S202,M,Proficient,8,9,5,0,1,2,1,1,1,1,0,2,1,1,1,0,1,0,1,0,3,2,11,2,8,0,2,0,0,88.65,B
S203,M,Proficient,3,2,3,4,1,2,2,1,3,1,1,2,1,1,3,1,1,3,2,4,3,3,12,2,2,1,5,2,4,109,A
S204,F,Proficient,3,4,3,3,1,2,2,1,2,1,1,1,1,1,1,1,2,10,1,2,4,6,2,7,2,4,1,1,6,94.82,A
S205,M,Proficient,2,2,1,1,0,1,1,1,3,1,2,1,1,1,2,1,1,1,3,1,2,2,1,3,2,4,1,0,11,96.81,A
S206,F,Beginner,2,3,3,5,5,5,1,3,5,2,1,4,3,3,3,2,1,1,1,4,8,1,5,3,5,1,1,2,3,92.3,A
S207,M,Proficient,1,1,6,3,3,3,4,3,2,3,2,3,2,4,0,3,2,1,4,11,11,3,10,2,3,3,1,1,4,97.05,A
S208,M,Novice,2,3,2,5,4,3,1,1,4,1,1,2,1,1,1,1,1,1,1,2,1,1,1,1,1,1,0,0,0,66.16,D
S209,M,Proficient,1,3,4,4,3,5,2,1,3,3,1,1,1,2,1,1,1,4,18,1,6,5,2,12,10,1,1,1,3,93.3,A
S210,M,-,5,0,0,2,0,0,2,0,0,0,0,0,0,0,0,0,1,0,0,0,0,1,0,0,0,0,0,0,0,2.95,F
S211,M,Proficient,1,1,2,1,1,2,1,1,1,1,1,1,1,1,1,1,1,0,1,2,5,2,4,1,1,1,4,2,4,92.74,A
S212,M,Proficient,3,1,2,3,4,0,0,1,1,0,0,0,0,0,0,0,1,2,2,4,8,23,10,2,3,2,5,0,0,95.67,A
S213,M,Proficient,3,1,3,1,1,1,1,1,1,1,1,0,1,1,1,0,1,1,2,4,3,2,6,1,5,1,1,0,0,94.03,A
S214,F,Proficient,2,5,3,2,2,3,2,1,2,1,1,0,2,1,1,1,1,10,1,1,7,9,2,5,3,1,1,2,7,95.72,A
S215,M,Beginner,3,1,3,2,1,3,2,1,1,1,2,1,0,0,0,0,1,4,6,8,4,7,2,0,0,0,0,0,0,25.6,F
S216,M,Novice,1,6,11,3,6,4,1,1,3,1,1,1,3,3,4,1,1,6,29,17,9,1,5,1,3,3,1,1,0,58.61,E
S217,M,Proficient,1,4,4,4,1,2,1,3,2,1,2,1,1,1,2,1,1,7,1,5,7,2,10,3,4,1,1,1,8,95.85,A
S218,M,Intermediate,1,1,1,1,1,1,1,1,1,1,1,2,1,1,1,1,1,18,12,16,11,5,16,7,10,4,6,1,7,85.75,B
S219,F,Beginner,6,5,6,4,3,3,5,2,6,9,3,2,6,3,4,3,1,5,1,1,2,1,5,2,10,5,3,3,6,61.92,D
S220,F,Novice,6,8,4,1,4,1,2,2,2,1,3,2,2,1,1,0,1,2,1,2,2,3,2,1,3,0,1,1,0,65.98,D
S221,M,Intermediate,4,1,3,2,1,1,1,1,1,1,1,1,1,1,1,1,1,4,1,2,1,3,12,3,8,1,2,1,1,81.01,B
S222,F,Proficient,2,10,3,4,2,2,1,2,2,3,2,1,1,1,2,1,1,4,1,1,1,1,1,1,3,1,1,1,0,69.51,D
S223,M,Intermediate,1,0,1,0,1,0,0,2,1,1,2,3,1,0,1,1,1,1,1,1,1,2,1,1,1,1,1,0,0,57.08,E
S224,M,Proficient,3,3,3,5,2,2,1,2,4,2,3,2,1,1,3,1,1,2,2,1,2,5,2,3,1,3,1,4,4,101.7,A
S225,M,Proficient,1,0,0,0,0,0,0,0,0,0,0,0,0,0,0,0,0,0,0,0,0,0,0,0,0,0,0,0,0,0.38,F
S226,F,Intermediate,2,5,3,1,2,2,1,1,1,1,1,1,2,2,1,1,1,2,7,1,9,6,7,2,3,1,1,2,1,80.24,B
S227,M,Proficient,4,3,6,1,3,1,1,2,2,1,2,1,1,1,1,2,1,8,2,4,11,2,21,9,10,1,3,1,4,100.49,A
S228,F,Beginner,6,5,6,1,2,2,2,1,2,4,2,1,2,2,3,1,1,1,1,1,2,8,6,10,1,3,1,1,1,82.9,B
S229,F,Beginner,3,4,10,3,5,5,3,2,3,1,4,0,2,2,2,1,1,1,1,1,1,1,1,1,2,1,1,2,1,53.9,E
S230,M,Intermediate,1,5,5,8,13,1,2,3,6,5,2,2,5,3,3,2,1,10,10,8,6,3,30,6,7,5,3,2,11,96.1,A
S231,F,Beginner,1,1,1,5,4,2,3,2,2,2,2,3,3,2,3,3,1,6,1,0,3,3,9,3,5,3,1,2,9,95.2,A
S232,F,Proficient,6,1,3,5,1,0,3,2,1,1,2,0,2,1,1,0,1,0,0,12,7,10,12,1,5,8,2,6,6,95.13,A
S233,M,Proficient,3,5,7,5,3,4,1,0,0,0,0,0,0,0,0,0,1,1,1,0,1,1,0,0,0,0,0,0,0,28.73,F
S234,M,Proficient,2,2,4,1,2,1,1,4,2,1,1,1,1,1,1,1,1,3,1,4,2,1,4,2,1,1,2,4,5,102.75,A
S235,M,Proficient,1,2,1,1,1,1,2,1,1,1,1,1,1,1,1,1,1,5,3,1,4,8,9,3,8,1,2,1,0,99.97,A
S236,M,Intermediate,0,4,5,4,3,2,1,2,2,1,3,1,1,1,1,1,1,1,1,2,1,1,3,3,2,1,2,1,3,99.85,A
S237,F,Intermediate,0,3,6,2,1,2,1,1,1,1,2,2,1,1,1,1,1,2,1,4,1,1,2,1,0,0,2,1,3,85.1,B
S238,M,-,1,2,2,2,1,2,1,1,1,1,1,1,1,2,1,1,1,4,5,8,6,20,1,17,1,1,2,0,0,68.56,D
S239,M,Novice,3,2,3,2,1,0,1,0,2,0,1,1,0,1,1,1,1,1,1,1,0,1,0,0,0,0,0,0,0,18.32,F
S240,F,Beginner,3,2,1,2,1,1,1,1,1,1,1,1,1,1,1,1,1,4,4,7,13,17,8,4,5,4,2,2,6,84.6,B
S241,M,-,4,2,3,1,0,0,1,0,0,0,0,0,0,1,0,0,1,4,2,3,3,5,0,4,5,2,1,1,7,43.32,F
S242,M,Intermediate,5,2,2,1,1,1,3,1,3,1,2,1,1,1,0,0,1,1,1,2,2,2,23,7,20,6,6,0,0,48.72,F
S243,M,Expert,3,2,0,0,0,2,2,1,0,3,0,2,1,1,2,2,2,0,0,0,0,0,0,0,0,0,7,2,18,89.93,B
S244,M,Intermediate,3,5,1,2,2,0,0,1,1,1,1,0,0,0,0,0,1,1,3,5,5,3,9,5,0,3,0,0,5,62.35,D
S245,M,Expert,1,0,1,1,1,1,1,1,1,1,1,1,1,1,1,1,1,1,1,5,8,4,4,2,7,2,3,2,6,99.68,A
S246,M,-,0,1,1,1,1,1,0,1,1,1,0,1,1,1,0,0,1,1,1,1,4,4,7,1,0,1,1,1,1,88.42,B
S247,F,Novice,5,9,7,4,3,0,1,2,1,1,1,2,4,1,2,1,1,2,1,0,1,2,2,3,1,3,1,2,0,56.92,E
S248,M,Proficient,5,3,3,3,3,1,3,1,1,1,1,1,1,1,1,1,1,1,1,1,1,5,3,2,1,2,1,1,1,68.06,D
S249,M,Beginner,0,4,3,1,2,1,1,1,2,2,1,1,1,1,0,1,1,1,1,1,1,1,1,2,2,1,1,1,0,79.97,C
S250,M,Expert,3,1,0,0,0,0,0,0,0,0,0,0,0,0,0,0,1,3,0,0,0,0,0,0,0,0,0,0,0,100,A
S251,M,Proficient,1,2,3,2,1,0,2,1,2,0,2,1,2,1,1,1,1,13,2,5,13,7,9,6,14,3,2,20,16,89.83,B
S252,F,Expert,1,2,5,2,2,2,2,2,1,2,1,1,1,1,1,1,1,9,4,4,7,7,5,1,1,3,2,0,0,84.25,B
S253,M,-,0,0,3,2,1,1,1,1,1,1,1,1,1,1,1,1,0,0,2,4,4,7,9,6,8,2,2,3,6,98.8,A
S254,M,-,3,1,0,0,0,3,0,0,0,0,0,1,0,1,3,1,1,5,0,0,0,0,0,0,0,0,0,3,0,94,A
S255,M,Intermediate,2,4,2,0,1,0,1,1,1,1,1,0,1,1,0,0,3,1,1,4,4,5,4,3,4,4,1,2,0,90.98,A
S256,M,Proficient,2,2,3,3,1,1,1,1,4,2,1,1,1,1,1,2,1,3,1,1,2,1,3,3,6,1,4,11,10,102.15,A
S257,M,Proficient,4,5,3,1,0,0,1,1,3,0,1,0,0,1,1,0,2,8,1,0,0,13,10,15,0,0,0,1,4,65.86,D
S258,F,Proficient,3,2,3,7,7,2,2,1,1,1,1,1,1,1,1,1,3,4,14,4,12,11,9,8,9,2,2,4,7,99.5,A
S259,F,Proficient,4,5,4,2,6,1,2,1,2,0,0,0,0,0,0,0,1,7,2,11,1,3,1,0,0,0,0,0,0,34.8,F
S260,M,Proficient,3,3,4,1,1,1,1,3,1,1,1,1,1,1,0,1,1,3,3,2,4,3,2,5,1,2,1,0,0,89.95,B
S261,M,Intermediate,3,2,3,1,1,2,2,1,1,1,1,1,2,1,2,2,1,5,4,1,1,2,2,2,0,1,1,0,1,53.15,E
S262,F,Novice,4,3,5,2,3,4,1,3,3,2,1,1,2,2,1,1,1,1,2,2,3,1,10,7,3,1,1,1,0,90.2,A
S263,F,Proficient,3,2,6,3,2,1,1,1,3,2,2,1,1,1,3,0,1,5,1,6,4,2,12,6,0,3,6,0,15,90.93,A
S264,F,Novice,1,11,3,2,2,3,1,0,2,1,2,1,1,0,3,0,2,2,1,0,2,0,0,0,0,1,0,0,1,61.42,D
S265,M,Proficient,3,1,5,2,3,1,1,1,2,1,1,2,1,1,1,1,1,7,2,13,10,10,16,10,7,10,5,3,11,98.8,A
S266,F,Novice,2,1,1,1,3,1,1,1,2,2,1,1,3,1,2,1,1,7,2,2,4,6,19,14,9,1,4,2,7,91.2,A
S267,M,-,0,0,1,1,1,1,0,0,1,1,1,1,1,1,0,0,0,3,2,5,2,3,3,2,3,3,0,4,9,93.4,A
S268,M,Proficient,1,3,2,3,2,3,1,1,3,1,0,2,1,1,0,0,1,2,0,5,3,4,16,8,5,0,5,2,0,61,F
S269,M,Beginner,1,0,1,1,1,1,1,1,0,1,1,1,1,1,1,0,2,1,2,7,4,3,5,2,1,1,1,0,4,78.77,C
S270,M,-,0,1,2,1,1,1,1,1,0,1,0,0,1,0,0,0,0,2,1,1,2,2,0,0,1,0,1,0,0,6.72,F
S271,F,Intermediate,4,6,2,5,6,4,1,1,1,1,0,1,1,1,1,1,2,8,7,10,9,13,33,20,9,7,4,5,7,86.65,B
S272,M,Proficient,2,4,2,2,1,1,1,1,1,1,1,1,1,1,1,5,1,1,1,1,3,2,5,4,4,7,1,1,3,100.6,A
S273,F,Beginner,1,0,5,4,1,2,2,4,1,1,1,0,2,1,1,0,1,1,1,2,1,1,1,1,1,0,1,1,0,69.33,D
S274,F,Proficient,0,1,6,2,1,0,1,1,1,1,1,1,1,1,2,1,1,4,6,3,0,1,0,0,0,0,1,1,5,78.4,C
S275,F,Intermediate,2,0,2,2,2,2,0,0,1,0,1,0,0,0,0,0,1,0,1,1,4,0,0,1,0,2,0,0,0,45.41,F
S276,M,Expert,5,3,2,2,1,1,1,2,3,1,1,2,1,1,2,1,1,6,1,6,3,6,5,4,6,2,2,5,11,98.52,A
S277,F,Novice,1,2,1,3,2,4,3,2,3,2,3,3,1,2,3,3,1,1,2,3,7,4,5,4,7,6,5,1,7,73.7,C
S278,F,Proficient,3,3,2,2,1,1,3,1,1,1,1,4,1,1,1,1,2,2,2,3,5,2,6,3,6,1,2,0,1,82.65,B
S279,M,Proficient,1,4,1,1,2,2,1,1,2,1,1,1,1,1,1,1,1,3,1,5,12,5,2,2,1,2,1,2,6,105.9,A
S280,F,-,3,11,4,3,2,2,1,2,3,1,4,2,1,1,3,2,1,3,7,10,17,5,7,4,4,2,3,2,3,79.95,C
S281,M,-,3,3,1,1,3,1,1,1,1,1,1,1,1,1,1,1,1,3,2,5,5,4,0,0,0,0,1,0,0,61.51,D
S282,F,Novice,5,6,4,2,3,2,2,1,3,2,1,1,1,1,1,1,1,1,1,1,2,2,1,1,1,1,1,1,1,89.5,B
S283,M,Beginner,2,4,4,4,3,3,1,2,2,1,1,1,1,2,1,1,1,1,2,4,3,2,3,7,2,1,3,1,0,97.4,A
S284,F,Intermediate,3,8,5,1,3,3,1,2,1,1,1,1,1,1,1,1,2,1,1,1,1,3,1,1,1,1,1,0,0,84.27,B
S285,M,Novice,1,7,6,5,2,2,1,3,3,3,1,3,2,1,1,1,1,6,1,2,3,2,2,4,2,0,2,0,0,80.5,B
S286,M,Proficient,1,1,1,1,1,1,0,0,1,1,0,1,1,0,1,0,1,5,0,0,3,0,0,0,0,0,0,0,2,64.52,D
S287,F,Novice,1,1,2,1,1,2,2,1,1,2,1,1,2,1,1,1,1,1,1,1,4,2,1,1,1,1,1,1,1,59.95,E
S288,M,Intermediate,1,1,4,1,1,1,1,1,0,1,0,1,0,0,0,0,2,1,2,1,1,1,0,0,0,0,0,0,0,32.05,F
S289,F,Proficient,3,2,2,2,2,3,1,1,1,2,1,2,1,1,2,2,1,5,3,12,8,8,7,10,3,9,5,2,15,89.57,B
S290,M,Proficient,2,2,0,2,2,2,1,1,1,1,0,1,1,0,0,0,1,6,0,3,1,4,5,1,4,0,2,0,0,84.99,B
S291,F,Intermediate,2,4,5,6,3,3,1,2,2,2,2,2,2,2,2,1,1,2,2,5,6,6,4,2,9,1,0,2,8,98.6,A
S292,M,Intermediate,3,4,5,4,3,2,1,1,1,1,1,0,1,1,1,1,1,4,1,3,3,2,9,4,7,1,1,5,2,99.86,A
S293,F,Novice,1,3,3,1,1,3,1,1,2,2,1,1,1,1,1,1,1,1,1,1,4,2,1,1,1,1,1,0,0,73.44,C
S294,M,Proficient,3,3,5,8,5,9,3,4,5,2,7,5,4,6,4,6,1,3,1,8,8,8,5,8,3,2,6,3,12,98.5,A
S295,M,Beginner,2,1,1,4,1,1,1,1,1,1,1,1,0,1,1,1,1,2,2,4,1,1,1,3,2,1,0,1,4,108.9,A
S296,F,Proficient,3,4,4,0,6,1,3,1,0,1,1,2,2,1,2,0,1,4,6,2,6,2,0,0,2,2,2,1,0,20.23,F
S297,M,Proficient,5,6,3,4,2,3,1,1,1,1,0,0,0,0,0,0,1,0,3,4,7,13,10,6,0,0,0,0,0,34.63,F
S298,M,Proficient,1,1,1,1,2,1,1,1,0,1,1,0,2,1,2,0,1,1,1,0,1,0,1,0,1,0,2,0,1,62.88,D
S299,M,Intermediate,4,6,5,6,4,4,2,2,1,4,4,3,3,2,5,3,1,5,1,8,7,12,21,18,6,5,3,5,8,94.2,A
S300,M,Beginner,3,3,4,3,4,6,2,5,3,4,4,4,4,4,2,2,1,1,2,8,8,17,19,27,8,6,2,5,14,100,A
S301,M,Proficient,1,1,1,1,1,1,1,0,0,1,1,0,0,0,1,2,1,1,0,4,0,1,0,0,2,0,0,2,0,86.78,B
S302,M,Proficient,2,2,1,1,1,0,1,1,1,1,1,1,0,0,0,1,1,9,2,2,8,0,0,3,0,5,1,1,0,70.47,C
S303,M,Proficient,1,3,3,2,2,1,2,1,2,1,1,1,1,1,1,1,1,4,1,9,4,5,1,4,4,2,2,1,1,97.3,A
S304,M,Proficient,0,2,1,0,0,0,0,0,0,0,0,0,0,0,0,0,1,1,4,0,0,0,0,0,0,0,0,0,0,8.27,F
S305,F,Beginner,3,8,3,1,2,1,3,3,2,1,3,1,2,1,4,3,1,1,2,1,1,1,1,1,1,4,3,2,1,70.3,C
S306,M,Intermediate,4,1,3,2,2,1,1,2,1,1,2,0,1,1,1,1,1,1,2,0,0,0,0,0,0,0,0,0,0,36.84,F
S307,F,Intermediate,3,1,3,1,2,1,1,1,0,1,1,1,1,1,1,1,1,2,1,3,2,3,3,7,2,1,1,3,2,92.47,A
S308,F,Expert,1,3,3,3,1,2,1,1,1,1,1,1,1,0,1,0,1,3,5,11,5,2,5,5,6,0,1,0,1,84.49,B
S309,F,Intermediate,1,3,2,3,3,3,1,2,1,3,1,1,1,1,1,1,1,1,1,5,1,2,1,2,2,1,1,1,0,94.66,A
S310,M,Proficient,3,3,0,0,0,0,0,0,0,0,0,0,0,0,0,0,1,1,0,0,0,0,0,0,0,0,0,0,0,94,A
S311,M,Intermediate,5,1,2,2,2,2,1,1,2,1,1,1,1,1,1,1,1,3,1,1,1,2,4,2,4,1,1,1,5,99.82,A
S312,F,Novice,3,6,12,5,5,7,1,2,4,3,8,4,5,5,5,2,3,3,3,5,15,7,7,12,4,3,5,1,7,95.6,A
S313,M,Expert,6,1,0,0,0,0,0,0,0,0,0,0,0,0,0,0,1,4,0,0,0,0,0,0,0,0,0,0,0,94,A
S314,F,Beginner,4,2,4,3,3,2,0,1,1,1,1,1,3,0,1,1,1,6,1,1,7,0,4,3,1,1,1,1,2,80.87,B
S315,M,-,1,3,1,3,2,3,1,1,2,2,2,1,2,1,1,1,1,12,3,4,32,65,11,13,7,3,9,2,13,76.03,C
S316,M,Intermediate,3,3,5,2,3,3,2,3,3,5,3,3,1,1,4,1,1,8,1,2,7,6,7,6,6,4,1,2,9,97.75,A
S317,M,Proficient,1,3,0,1,2,2,1,0,1,1,1,0,1,1,1,1,1,3,2,2,3,2,0,4,0,5,0,0,0,87.03,B
S318,M,-,1,1,2,1,0,2,1,1,0,1,2,1,1,1,1,1,1,4,1,1,1,1,1,0,0,1,3,1,0,66.99,D
S319,M,Proficient,3,2,2,1,1,2,1,0,1,0,1,1,1,0,0,1,1,2,1,4,4,4,5,3,0,0,0,0,0,87.85,B
S320,F,Novice,3,9,6,7,5,5,2,2,3,3,6,5,4,3,5,4,1,4,1,5,5,2,9,2,1,1,1,1,1,88.9,B
S321,F,Proficient,3,3,1,4,1,2,1,1,2,1,2,1,1,1,1,1,1,2,3,4,6,5,2,2,3,2,2,2,5,98.8,A
S322,M,Intermediate,2,1,4,4,2,2,2,1,1,2,1,2,1,0,0,0,1,9,2,9,8,8,5,8,5,2,3,0,0,86.83,B
S323,M,Beginner,1,0,1,2,2,2,1,1,1,1,1,1,1,1,1,1,1,1,1,1,2,1,2,2,1,1,1,1,1,94.03,A
S324,M,Beginner,4,3,4,5,2,4,1,1,1,2,1,2,1,1,1,1,1,1,1,5,2,3,0,4,2,3,1,1,0,94.58,A
S325,M,Proficient,5,3,0,0,0,0,0,0,0,0,0,0,0,0,0,0,1,4,0,0,0,0,0,0,0,1,0,0,0,93,A
S326,M,Expert,3,2,2,1,2,1,2,1,1,1,1,2,2,1,1,1,1,2,1,2,2,2,8,8,1,2,1,1,5,94.9,A
S327,M,Proficient,1,2,3,3,1,1,1,1,1,1,1,1,2,1,0,0,1,10,3,9,11,4,6,0,4,0,3,2,0,87.48,B
S328,M,Proficient,1,1,1,2,0,3,1,0,2,1,1,1,1,3,1,1,1,4,1,7,12,6,15,9,9,4,2,8,13,96.96,A
S329,M,Proficient,1,1,1,0,1,0,1,2,1,1,1,1,0,1,1,0,1,7,6,8,4,6,4,3,3,2,0,3,0,93.44,A
S330,F,Beginner,3,3,4,5,1,3,5,1,3,2,3,2,6,1,3,8,1,2,1,9,2,0,0,1,9,2,2,1,6,89.53,B
S331,F,Novice,0,2,2,1,2,1,1,1,1,1,1,1,1,1,1,0,1,1,1,6,3,1,1,1,2,1,1,1,1,75.72,C
S332,M,Proficient,3,1,2,1,4,2,1,3,2,1,3,1,1,1,1,4,1,6,1,5,2,1,4,2,8,1,3,1,4,106,A
S333,M,Intermediate,1,2,3,1,2,4,4,2,1,3,0,0,1,0,0,0,2,4,2,19,11,11,0,0,10,0,2,0,0,82.3,B
S334,F,Proficient,2,2,4,3,3,6,2,1,4,4,4,4,1,1,3,3,1,3,2,2,22,3,1,7,5,2,3,4,2,107.7,A
S335,M,Proficient,4,2,1,1,2,1,1,2,1,1,1,1,1,1,1,1,1,3,1,2,2,6,0,5,6,2,1,1,8,66.82,D
S336,M,Beginner,4,7,5,3,3,3,2,2,3,1,2,2,1,1,1,3,1,1,1,4,3,3,10,13,4,1,3,1,9,70.8,C
S337,M,Intermediate,1,4,3,0,3,1,1,1,2,3,1,1,1,0,1,1,1,2,2,5,6,2,4,4,10,3,2,0,4,100.96,A
S338,M,Proficient,5,1,2,0,2,3,1,3,2,2,2,3,4,1,1,2,1,2,2,5,6,3,5,4,3,3,2,4,6,93.25,A
S339,M,Proficient,3,2,0,1,2,2,1,1,2,2,0,0,0,0,0,0,1,3,0,0,7,3,0,0,0,0,0,0,0,38.54,F
S340,F,Intermediate,6,3,4,2,3,3,1,1,2,1,1,3,1,1,1,1,1,2,3,1,2,1,6,3,4,1,1,3,5,100.7,A
S341,M,Proficient,0,4,12,5,3,0,0,0,0,0,0,0,0,0,0,0,2,11,1,14,1,0,0,0,0,0,0,0,0,7.8,F
S342,M,-,2,3,4,7,3,3,1,4,5,4,3,4,4,1,15,3,1,8,2,2,3,11,7,5,2,1,11,2,15,100,A
S343,F,Intermediate,6,10,14,5,2,4,5,6,5,8,2,5,2,6,1,3,1,2,3,3,0,0,0,0,0,0,0,5,0,39.09,F
S344,M,Intermediate,3,7,3,4,5,1,1,2,2,1,2,1,2,1,1,1,2,1,1,1,1,4,1,3,4,1,5,1,3,101.3,A
S345,F,Intermediate,3,5,2,8,3,4,1,2,3,2,2,1,3,3,6,3,1,2,2,2,5,11,6,3,13,1,1,2,15,98.75,A
S346,M,Beginner,4,4,4,3,1,2,1,2,1,1,1,1,0,2,1,1,1,4,3,4,2,3,5,1,5,1,0,0,0,60.41,D
S347,M,Intermediate,1,4,6,4,4,3,1,3,3,1,1,1,1,1,1,0,1,3,1,5,6,4,1,2,5,0,1,2,0,90.38,A
S348,M,Proficient,1,1,1,1,1,2,1,1,2,1,2,1,1,1,1,1,1,6,2,6,14,8,12,9,7,7,5,3,3,96.11,A
S349,M,Intermediate,1,2,1,1,1,0,0,0,0,0,0,0,0,0,0,0,1,1,1,0,5,0,0,0,0,0,0,0,0,22.76,F
S350,M,Proficient,3,3,6,2,2,5,3,3,4,1,1,1,2,1,1,1,4,1,1,1,7,1,6,2,4,2,4,4,9,109.25,A
S351,F,Beginner,6,9,8,5,5,4,3,3,3,2,5,1,3,2,3,5,3,5,1,1,4,3,0,1,6,3,1,0,0,79.92,C
S352,F,-,0,0,4,1,0,0,0,0,0,0,0,0,0,0,0,0,0,0,0,0,0,0,0,0,0,0,0,0,0,0.31,F
S353,M,Expert,2,1,1,1,1,0,1,1,1,1,1,1,1,0,1,1,1,5,2,5,7,2,10,1,5,3,1,0,9,94.61,A
S354,F,Beginner,4,2,1,0,0,0,0,0,0,0,0,0,0,0,0,0,2,5,0,0,0,0,0,0,0,0,0,0,0,2.63,F
S355,F,Intermediate,1,1,3,2,3,2,1,1,0,3,1,1,1,1,1,1,1,4,2,10,6,4,6,0,9,3,1,2,6,95.13,A
S356,M,Intermediate,3,3,2,2,2,4,1,2,4,2,1,1,1,1,1,1,1,1,1,1,1,4,2,3,2,1,2,1,5,109.8,A
S357,M,Proficient,0,0,1,1,1,1,1,1,1,1,1,1,1,1,0,1,1,0,1,2,1,1,5,4,0,1,0,0,0,87.43,B
S358,F,Beginner,1,0,2,1,4,2,1,1,0,1,1,1,1,1,1,0,1,1,2,2,9,14,8,23,31,6,1,1,11,49.47,F
S359,F,Proficient,0,1,3,4,7,3,2,1,2,1,2,2,1,1,1,1,1,1,1,1,1,1,1,1,1,1,1,0,0,83.7,B
S360,M,Proficient,3,2,1,1,1,1,1,1,1,1,1,1,1,1,1,0,1,1,2,6,5,2,0,1,4,2,1,0,0,72.94,C
S361,F,Proficient,3,4,4,1,3,2,3,2,3,1,2,1,1,1,1,1,1,5,1,11,1,8,28,4,9,3,3,6,9,98.65,A
S362,M,Intermediate,4,6,23,14,11,5,15,11,4,5,3,16,14,3,6,5,1,1,1,2,1,4,6,5,1,2,2,3,2,89.06,B
S363,F,Proficient,4,8,6,4,2,1,1,1,1,1,1,1,2,2,2,1,1,1,1,4,2,1,2,5,9,3,1,1,4,61.71,D
S364,M,Intermediate,4,4,5,7,3,2,2,2,1,1,1,3,4,1,2,2,3,4,1,16,3,5,5,2,2,1,2,3,0,106.25,A
S365,M,Beginner,7,5,6,1,2,1,1,2,1,1,2,1,1,1,1,1,1,2,2,5,7,9,10,2,11,1,3,0,8,95.05,A
S366,F,Novice,4,6,6,4,5,5,8,2,4,5,3,2,1,2,0,0,2,21,2,5,9,2,10,6,0,0,4,0,0,75.35,C
S367,M,Proficient,2,1,2,1,1,1,2,1,1,1,1,1,1,1,1,1,2,5,1,2,3,2,5,2,1,3,1,5,5,102,A
S368,F,Novice,0,2,0,1,1,0,0,0,1,0,0,0,0,0,0,0,1,3,0,0,0,0,0,0,0,0,0,0,0,9.26,F
S369,F,Novice,2,3,6,5,8,6,5,6,9,5,5,8,7,4,3,2,1,6,3,9,9,4,13,6,7,5,2,3,8,83,B
S370,M,Proficient,2,3,3,2,4,1,2,1,1,1,2,1,1,2,1,2,1,3,3,6,3,5,12,6,6,1,2,1,14,104.7,A
S371,M,Proficient,4,1,3,4,1,1,1,1,1,1,1,1,1,1,0,1,1,1,1,2,12,3,1,3,4,1,3,1,0,99.83,A
S372,M,Intermediate,2,4,4,7,4,5,3,7,3,4,2,3,3,2,3,2,1,6,1,3,1,1,4,5,2,1,1,4,9,100.3,A
S373,F,Intermediate,5,5,1,1,1,0,0,0,0,0,0,0,0,0,0,0,1,4,0,0,0,0,0,0,0,0,0,0,0,8.93,F
S374,F,Intermediate,1,6,1,3,4,2,2,2,2,2,2,1,1,1,1,1,1,3,1,1,1,0,0,0,1,1,1,1,2,69.12,D
S375,M,Proficient,2,4,4,1,1,1,3,2,1,1,2,1,1,2,4,1,1,1,0,0,0,1,1,0,0,1,1,0,0,46.37,F
S376,F,Beginner,6,1,3,1,2,1,1,1,1,0,0,0,0,0,0,0,1,1,1,0,0,0,0,0,0,0,0,0,0,22.52,F
S377,F,Proficient,2,6,3,3,3,2,1,0,0,0,0,0,0,0,0,0,3,2,5,11,26,4,0,0,0,0,0,0,0,25.83,F
S378,F,-,2,2,3,2,2,3,4,3,1,2,1,2,2,1,1,1,1,1,1,3,5,9,8,5,9,2,1,1,7,80.05,B
S379,M,Beginner,3,3,1,2,1,1,1,1,1,1,1,1,1,1,1,1,1,4,1,16,2,12,3,3,2,1,1,3,0,87.99,B
S380,M,Novice,1,5,2,1,2,1,1,1,2,1,1,1,1,1,0,1,1,2,5,2,1,8,22,1,0,0,5,1,1,74.63,C
S381,F,Proficient,1,3,4,5,2,2,1,1,2,3,1,3,1,1,2,1,1,5,2,1,4,3,1,3,2,2,1,7,4,90.3,A
S382,M,Intermediate,3,2,3,7,1,2,2,3,2,3,1,1,2,1,1,1,1,2,3,3,1,3,6,2,2,4,1,0,0,99.6,A
S383,M,Proficient,2,3,0,0,0,0,0,0,0,0,0,0,0,0,0,0,1,5,0,0,0,0,0,0,0,0,0,0,0,100,A
